"id_prod","PUNTO DE VENTA","TIPO PRODUCTO","MARCA","MODELO","COLOR","TECNOLOGIA","MEMORIA INTERNA","MEMORIA RAM","TECNOLOGIA SIM","TIPO PROCESADOR","DETALLE TECNICO","DISPOSITIVO DESTINO","TIPO ACCESORIO","MATERIA","VOLTAJE","TIPO CONEXION","RUTA CAPTURA","d_extension_captura","v_peso_captura","d_dimension_captura"
"95","CIENEGUILLA","Accesorio","XIAOMI","SOUND POCKET MDZ-37-DB","BLACK","\N","\N","\N","\N","\N","Certificación IP67 contra polvo y agua","\N","Parlante","\N","5 W","Bluetooth","https://expansiontecmye.pe/daavif/assets/equipos/accesorio/ACC_CODE-190997007110_K-20260826161527.jpg","jpg","102361.0000","width: 506 x height: 861"
"95","CIENEGUILLA","Accesorio","XIAOMI","SOUND POCKET MDZ-37-DB","BLACK","\N","\N","\N","\N","\N","Certificación IP67 contra polvo y agua","\N","Parlante","\N","5 W","Bluetooth","https://expansiontecmye.pe/daavif/assets/equipos/accesorio/ACC_CODE-190997007110_K-20260826161527.jpg","jpg","102361.0000","width: 506 x height: 861"
"95","CIENEGUILLA","Accesorio","XIAOMI","SOUND POCKET MDZ-37-DB","BLACK","\N","\N","\N","\N","\N","Certificación IP67 contra polvo y agua","\N","Parlante","\N","5 W","Bluetooth","https://expansiontecmye.pe/daavif/assets/equipos/accesorio/ACC_CODE-190997007110_K-20260826161527.jpg","jpg","102361.0000","width: 506 x height: 861"
"53","CIENEGUILLA","Accesorio","OPPO","G2 3W BLUETOOTH SPEAKER","NEGRO","\N","\N","\N","\N","\N","\N","\N","Parlante","\N","3W","Bluetooth","https://expansiontecmye.pe/daavif/assets/equipos/accesorio/ACC_CODE-7021587_K-20260826101552.jpg","jpg","58256.0000","width: 530 x height: 492"
"95","CIENEGUILLA","Accesorio","XIAOMI","SOUND POCKET MDZ-37-DB","BLACK","\N","\N","\N","\N","\N","Certificación IP67 contra polvo y agua","\N","Parlante","\N","5 W","Bluetooth","https://expansiontecmye.pe/daavif/assets/equipos/accesorio/ACC_CODE-190997007110_K-20260826161527.jpg","jpg","102361.0000","width: 506 x height: 861"
"54","CIENEGUILLA","Accesorio","REDMI","BUDS 6 LITE","BLACK","\N","\N","\N","\N","\N","Bluetooth 5.3","\N","Audífono Bluetooth","\N","40 dB","Bluetooth","https://expansiontecmye.pe/daavif/assets/equipos/accesorio/ACC_CODE-6941812787823_K-20260826102009.jpg","jpg","42641.0000","width: 701 x height: 592"
"86","CIENEGUILLA","Accesorio","XIAOMI","REDMI BUDS 6 PLAY","BLACK","\N","\N","\N","\N","\N","USB Tipo C","\N","Audífono Bluetooth","\N","600 mAh","Bluetooth","https://expansiontecmye.pe/daavif/assets/equipos/accesorio/ACC_CODE-6941812791240_K-20260826153735.jpg","jpg","34516.0000","width: 634 x height: 789"
"86","CHOSICA","Accesorio","XIAOMI","REDMI BUDS 6 PLAY","BLACK","\N","\N","\N","\N","\N","USB Tipo C","\N","Audífono Bluetooth","\N","600 mAh","Bluetooth","https://expansiontecmye.pe/daavif/assets/equipos/accesorio/ACC_CODE-6941812791240_K-20260826153735.jpg","jpg","34516.0000","width: 634 x height: 789"
"86","LURIN","Accesorio","XIAOMI","REDMI BUDS 6 PLAY","BLACK","\N","\N","\N","\N","\N","USB Tipo C","\N","Audífono Bluetooth","\N","600 mAh","Bluetooth","https://expansiontecmye.pe/daavif/assets/equipos/accesorio/ACC_CODE-6941812791240_K-20260826153735.jpg","jpg","34516.0000","width: 634 x height: 789"
"95","LURIN","Accesorio","XIAOMI","SOUND POCKET MDZ-37-DB","BLACK","\N","\N","\N","\N","\N","Certificación IP67 contra polvo y agua","\N","Parlante","\N","5 W","Bluetooth","https://expansiontecmye.pe/daavif/assets/equipos/accesorio/ACC_CODE-190997007110_K-20260826161527.jpg","jpg","102361.0000","width: 506 x height: 861"
"86","CIENEGUILLA","Accesorio","XIAOMI","REDMI BUDS 6 PLAY","BLACK","\N","\N","\N","\N","\N","USB Tipo C","\N","Audífono Bluetooth","\N","600 mAh","Bluetooth","https://expansiontecmye.pe/daavif/assets/equipos/accesorio/ACC_CODE-6941812791240_K-20260826153735.jpg","jpg","34516.0000","width: 634 x height: 789"
"95","LURIN","Accesorio","XIAOMI","SOUND POCKET MDZ-37-DB","BLACK","\N","\N","\N","\N","\N","Certificación IP67 contra polvo y agua","\N","Parlante","\N","5 W","Bluetooth","https://expansiontecmye.pe/daavif/assets/equipos/accesorio/ACC_CODE-190997007110_K-20260826161527.jpg","jpg","102361.0000","width: 506 x height: 861"
"95","LURIN","Accesorio","XIAOMI","SOUND POCKET MDZ-37-DB","BLACK","\N","\N","\N","\N","\N","Certificación IP67 contra polvo y agua","\N","Parlante","\N","5 W","Bluetooth","https://expansiontecmye.pe/daavif/assets/equipos/accesorio/ACC_CODE-190997007110_K-20260826161527.jpg","jpg","102361.0000","width: 506 x height: 861"
"95","LURIN","Accesorio","XIAOMI","SOUND POCKET MDZ-37-DB","BLACK","\N","\N","\N","\N","\N","Certificación IP67 contra polvo y agua","\N","Parlante","\N","5 W","Bluetooth","https://expansiontecmye.pe/daavif/assets/equipos/accesorio/ACC_CODE-190997007110_K-20260826161527.jpg","jpg","102361.0000","width: 506 x height: 861"
"72","CHOSICA","Accesorio","HONOR","CHOICE WHATCH 2i","BLACK","\N","\N","\N","\N","\N","Certificación IP68 y 1 ATM","\N","Smartwatch","\N","330 mAh","Bluetooth","https://expansiontecmye.pe/daavif/assets/equipos/accesorio/ACC_CODE-6977887510080_K-20260826133436.jpg","jpg","71854.0000","width: 733 x height: 800"
"72","CHOSICA","Accesorio","HONOR","CHOICE WHATCH 2i","BLACK","\N","\N","\N","\N","\N","Certificación IP68 y 1 ATM","\N","Smartwatch","\N","330 mAh","Bluetooth","https://expansiontecmye.pe/daavif/assets/equipos/accesorio/ACC_CODE-6977887510080_K-20260826133436.jpg","jpg","71854.0000","width: 733 x height: 800"
"72","LURIN","Accesorio","HONOR","CHOICE WHATCH 2i","BLACK","\N","\N","\N","\N","\N","Certificación IP68 y 1 ATM","\N","Smartwatch","\N","330 mAh","Bluetooth","https://expansiontecmye.pe/daavif/assets/equipos/accesorio/ACC_CODE-6977887510080_K-20260826133436.jpg","jpg","71854.0000","width: 733 x height: 800"
"72","CHOSICA","Accesorio","HONOR","CHOICE WHATCH 2i","BLACK","\N","\N","\N","\N","\N","Certificación IP68 y 1 ATM","\N","Smartwatch","\N","330 mAh","Bluetooth","https://expansiontecmye.pe/daavif/assets/equipos/accesorio/ACC_CODE-6977887510080_K-20260826133436.jpg","jpg","71854.0000","width: 733 x height: 800"
"72","CHOSICA","Accesorio","HONOR","CHOICE WHATCH 2i","BLACK","\N","\N","\N","\N","\N","Certificación IP68 y 1 ATM","\N","Smartwatch","\N","330 mAh","Bluetooth","https://expansiontecmye.pe/daavif/assets/equipos/accesorio/ACC_CODE-6977887510080_K-20260826133436.jpg","jpg","71854.0000","width: 733 x height: 800"
"72","CHOSICA","Accesorio","HONOR","CHOICE WHATCH 2i","BLACK","\N","\N","\N","\N","\N","Certificación IP68 y 1 ATM","\N","Smartwatch","\N","330 mAh","Bluetooth","https://expansiontecmye.pe/daavif/assets/equipos/accesorio/ACC_CODE-6977887510080_K-20260826133436.jpg","jpg","71854.0000","width: 733 x height: 800"
"19","LURIN","Accesorio","HONOR","CHOICE VZ HEADPHONES PRO ROS-ME00","WHITE","\N","\N","\N","\N","\N","Bluetooth 5.4","\N","Audífono Bluetooth","Plastico","20 Hz - 20 000 Hz","Bluetooth","https://expansiontecmye.pe/daavif/assets/equipos/accesorio/ACC_CODE-6977400140060_K-20260825221238.jpg","jpg","33456.0000","width: 573 x height: 775"
"19","CHOSICA","Accesorio","HONOR","CHOICE VZ HEADPHONES PRO ROS-ME00","WHITE","\N","\N","\N","\N","\N","Bluetooth 5.4","\N","Audífono Bluetooth","Plastico","20 Hz - 20 000 Hz","Bluetooth","https://expansiontecmye.pe/daavif/assets/equipos/accesorio/ACC_CODE-6977400140060_K-20260825221238.jpg","jpg","33456.0000","width: 573 x height: 775"
"19","CIENEGUILLA","Accesorio","HONOR","CHOICE VZ HEADPHONES PRO ROS-ME00","WHITE","\N","\N","\N","\N","\N","Bluetooth 5.4","\N","Audífono Bluetooth","Plastico","20 Hz - 20 000 Hz","Bluetooth","https://expansiontecmye.pe/daavif/assets/equipos/accesorio/ACC_CODE-6977400140060_K-20260825221238.jpg","jpg","33456.0000","width: 573 x height: 775"
"19","CIENEGUILLA","Accesorio","HONOR","CHOICE VZ HEADPHONES PRO ROS-ME00","WHITE","\N","\N","\N","\N","\N","Bluetooth 5.4","\N","Audífono Bluetooth","Plastico","20 Hz - 20 000 Hz","Bluetooth","https://expansiontecmye.pe/daavif/assets/equipos/accesorio/ACC_CODE-6977400140060_K-20260825221238.jpg","jpg","33456.0000","width: 573 x height: 775"
"19","CIENEGUILLA","Accesorio","HONOR","CHOICE VZ HEADPHONES PRO ROS-ME00","WHITE","\N","\N","\N","\N","\N","Bluetooth 5.4","\N","Audífono Bluetooth","Plastico","20 Hz - 20 000 Hz","Bluetooth","https://expansiontecmye.pe/daavif/assets/equipos/accesorio/ACC_CODE-6977400140060_K-20260825221238.jpg","jpg","33456.0000","width: 573 x height: 775"
"19","CIENEGUILLA","Accesorio","HONOR","CHOICE VZ HEADPHONES PRO ROS-ME00","WHITE","\N","\N","\N","\N","\N","Bluetooth 5.4","\N","Audífono Bluetooth","Plastico","20 Hz - 20 000 Hz","Bluetooth","https://expansiontecmye.pe/daavif/assets/equipos/accesorio/ACC_CODE-6977400140060_K-20260825221238.jpg","jpg","33456.0000","width: 573 x height: 775"
"19","CHOSICA","Accesorio","HONOR","CHOICE VZ HEADPHONES PRO ROS-ME00","WHITE","\N","\N","\N","\N","\N","Bluetooth 5.4","\N","Audífono Bluetooth","Plastico","20 Hz - 20 000 Hz","Bluetooth","https://expansiontecmye.pe/daavif/assets/equipos/accesorio/ACC_CODE-6977400140060_K-20260825221238.jpg","jpg","33456.0000","width: 573 x height: 775"
"19","CHOSICA","Accesorio","HONOR","CHOICE VZ HEADPHONES PRO ROS-ME00","WHITE","\N","\N","\N","\N","\N","Bluetooth 5.4","\N","Audífono Bluetooth","Plastico","20 Hz - 20 000 Hz","Bluetooth","https://expansiontecmye.pe/daavif/assets/equipos/accesorio/ACC_CODE-6977400140060_K-20260825221238.jpg","jpg","33456.0000","width: 573 x height: 775"
"19","LURIN","Accesorio","HONOR","CHOICE VZ HEADPHONES PRO ROS-ME00","WHITE","\N","\N","\N","\N","\N","Bluetooth 5.4","\N","Audífono Bluetooth","Plastico","20 Hz - 20 000 Hz","Bluetooth","https://expansiontecmye.pe/daavif/assets/equipos/accesorio/ACC_CODE-6977400140060_K-20260825221238.jpg","jpg","33456.0000","width: 573 x height: 775"
"19","LURIN","Accesorio","HONOR","CHOICE VZ HEADPHONES PRO ROS-ME00","WHITE","\N","\N","\N","\N","\N","Bluetooth 5.4","\N","Audífono Bluetooth","Plastico","20 Hz - 20 000 Hz","Bluetooth","https://expansiontecmye.pe/daavif/assets/equipos/accesorio/ACC_CODE-6977400140060_K-20260825221238.jpg","jpg","33456.0000","width: 573 x height: 775"
"19","LURIN","Accesorio","HONOR","CHOICE VZ HEADPHONES PRO ROS-ME00","WHITE","\N","\N","\N","\N","\N","Bluetooth 5.4","\N","Audífono Bluetooth","Plastico","20 Hz - 20 000 Hz","Bluetooth","https://expansiontecmye.pe/daavif/assets/equipos/accesorio/ACC_CODE-6977400140060_K-20260825221238.jpg","jpg","33456.0000","width: 573 x height: 775"
"19","CHOSICA","Accesorio","HONOR","CHOICE VZ HEADPHONES PRO ROS-ME00","WHITE","\N","\N","\N","\N","\N","Bluetooth 5.4","\N","Audífono Bluetooth","Plastico","20 Hz - 20 000 Hz","Bluetooth","https://expansiontecmye.pe/daavif/assets/equipos/accesorio/ACC_CODE-6977400140060_K-20260825221238.jpg","jpg","33456.0000","width: 573 x height: 775"
"95","LURIN","Accesorio","XIAOMI","SOUND POCKET MDZ-37-DB","BLACK","\N","\N","\N","\N","\N","Certificación IP67 contra polvo y agua","\N","Parlante","\N","5 W","Bluetooth","https://expansiontecmye.pe/daavif/assets/equipos/accesorio/ACC_CODE-190997007110_K-20260826161527.jpg","jpg","102361.0000","width: 506 x height: 861"
"57","CHOSICA","Accesorio","REDMI","WATCH 5 ACTIVE","MIDNIGHT BLACK","\N","\N","\N","\N","\N","Bluetooth 5.3","\N","Smartwatch","\N","470 mAh","Bluetooth","https://expansiontecmye.pe/daavif/assets/equipos/accesorio/ACC_CODE-6941812791585_K-20260826104111.jpg","jpg","68961.0000","width: 729 x height: 835"
"57","CHOSICA","Accesorio","REDMI","WATCH 5 ACTIVE","MIDNIGHT BLACK","\N","\N","\N","\N","\N","Bluetooth 5.3","\N","Smartwatch","\N","470 mAh","Bluetooth","https://expansiontecmye.pe/daavif/assets/equipos/accesorio/ACC_CODE-6941812791585_K-20260826104111.jpg","jpg","68961.0000","width: 729 x height: 835"
"57","CHOSICA","Accesorio","REDMI","WATCH 5 ACTIVE","MIDNIGHT BLACK","\N","\N","\N","\N","\N","Bluetooth 5.3","\N","Smartwatch","\N","470 mAh","Bluetooth","https://expansiontecmye.pe/daavif/assets/equipos/accesorio/ACC_CODE-6941812791585_K-20260826104111.jpg","jpg","68961.0000","width: 729 x height: 835"
"57","CHOSICA","Accesorio","REDMI","WATCH 5 ACTIVE","MIDNIGHT BLACK","\N","\N","\N","\N","\N","Bluetooth 5.3","\N","Smartwatch","\N","470 mAh","Bluetooth","https://expansiontecmye.pe/daavif/assets/equipos/accesorio/ACC_CODE-6941812791585_K-20260826104111.jpg","jpg","68961.0000","width: 729 x height: 835"
"57","CHOSICA","Accesorio","REDMI","WATCH 5 ACTIVE","MIDNIGHT BLACK","\N","\N","\N","\N","\N","Bluetooth 5.3","\N","Smartwatch","\N","470 mAh","Bluetooth","https://expansiontecmye.pe/daavif/assets/equipos/accesorio/ACC_CODE-6941812791585_K-20260826104111.jpg","jpg","68961.0000","width: 729 x height: 835"
"57","CHOSICA","Accesorio","REDMI","WATCH 5 ACTIVE","MIDNIGHT BLACK","\N","\N","\N","\N","\N","Bluetooth 5.3","\N","Smartwatch","\N","470 mAh","Bluetooth","https://expansiontecmye.pe/daavif/assets/equipos/accesorio/ACC_CODE-6941812791585_K-20260826104111.jpg","jpg","68961.0000","width: 729 x height: 835"
"57","CHOSICA","Accesorio","REDMI","WATCH 5 ACTIVE","MIDNIGHT BLACK","\N","\N","\N","\N","\N","Bluetooth 5.3","\N","Smartwatch","\N","470 mAh","Bluetooth","https://expansiontecmye.pe/daavif/assets/equipos/accesorio/ACC_CODE-6941812791585_K-20260826104111.jpg","jpg","68961.0000","width: 729 x height: 835"
"57","CIENEGUILLA","Accesorio","REDMI","WATCH 5 ACTIVE","MIDNIGHT BLACK","\N","\N","\N","\N","\N","Bluetooth 5.3","\N","Smartwatch","\N","470 mAh","Bluetooth","https://expansiontecmye.pe/daavif/assets/equipos/accesorio/ACC_CODE-6941812791585_K-20260826104111.jpg","jpg","68961.0000","width: 729 x height: 835"
"57","CIENEGUILLA","Accesorio","REDMI","WATCH 5 ACTIVE","MIDNIGHT BLACK","\N","\N","\N","\N","\N","Bluetooth 5.3","\N","Smartwatch","\N","470 mAh","Bluetooth","https://expansiontecmye.pe/daavif/assets/equipos/accesorio/ACC_CODE-6941812791585_K-20260826104111.jpg","jpg","68961.0000","width: 729 x height: 835"
"57","CHOSICA","Accesorio","REDMI","WATCH 5 ACTIVE","MIDNIGHT BLACK","\N","\N","\N","\N","\N","Bluetooth 5.3","\N","Smartwatch","\N","470 mAh","Bluetooth","https://expansiontecmye.pe/daavif/assets/equipos/accesorio/ACC_CODE-6941812791585_K-20260826104111.jpg","jpg","68961.0000","width: 729 x height: 835"
"57","LURIN","Accesorio","REDMI","WATCH 5 ACTIVE","MIDNIGHT BLACK","\N","\N","\N","\N","\N","Bluetooth 5.3","\N","Smartwatch","\N","470 mAh","Bluetooth","https://expansiontecmye.pe/daavif/assets/equipos/accesorio/ACC_CODE-6941812791585_K-20260826104111.jpg","jpg","68961.0000","width: 729 x height: 835"
"57","LURIN","Accesorio","REDMI","WATCH 5 ACTIVE","MIDNIGHT BLACK","\N","\N","\N","\N","\N","Bluetooth 5.3","\N","Smartwatch","\N","470 mAh","Bluetooth","https://expansiontecmye.pe/daavif/assets/equipos/accesorio/ACC_CODE-6941812791585_K-20260826104111.jpg","jpg","68961.0000","width: 729 x height: 835"
"57","LURIN","Accesorio","REDMI","WATCH 5 ACTIVE","MIDNIGHT BLACK","\N","\N","\N","\N","\N","Bluetooth 5.3","\N","Smartwatch","\N","470 mAh","Bluetooth","https://expansiontecmye.pe/daavif/assets/equipos/accesorio/ACC_CODE-6941812791585_K-20260826104111.jpg","jpg","68961.0000","width: 729 x height: 835"
"57","LURIN","Accesorio","REDMI","WATCH 5 ACTIVE","MIDNIGHT BLACK","\N","\N","\N","\N","\N","Bluetooth 5.3","\N","Smartwatch","\N","470 mAh","Bluetooth","https://expansiontecmye.pe/daavif/assets/equipos/accesorio/ACC_CODE-6941812791585_K-20260826104111.jpg","jpg","68961.0000","width: 729 x height: 835"
"57","CHOSICA","Accesorio","REDMI","WATCH 5 ACTIVE","MIDNIGHT BLACK","\N","\N","\N","\N","\N","Bluetooth 5.3","\N","Smartwatch","\N","470 mAh","Bluetooth","https://expansiontecmye.pe/daavif/assets/equipos/accesorio/ACC_CODE-6941812791585_K-20260826104111.jpg","jpg","68961.0000","width: 729 x height: 835"
"57","CHOSICA","Accesorio","REDMI","WATCH 5 ACTIVE","MIDNIGHT BLACK","\N","\N","\N","\N","\N","Bluetooth 5.3","\N","Smartwatch","\N","470 mAh","Bluetooth","https://expansiontecmye.pe/daavif/assets/equipos/accesorio/ACC_CODE-6941812791585_K-20260826104111.jpg","jpg","68961.0000","width: 729 x height: 835"
"57","CHOSICA","Accesorio","REDMI","WATCH 5 ACTIVE","MIDNIGHT BLACK","\N","\N","\N","\N","\N","Bluetooth 5.3","\N","Smartwatch","\N","470 mAh","Bluetooth","https://expansiontecmye.pe/daavif/assets/equipos/accesorio/ACC_CODE-6941812791585_K-20260826104111.jpg","jpg","68961.0000","width: 729 x height: 835"
"57","CHOSICA","Accesorio","REDMI","WATCH 5 ACTIVE","MIDNIGHT BLACK","\N","\N","\N","\N","\N","Bluetooth 5.3","\N","Smartwatch","\N","470 mAh","Bluetooth","https://expansiontecmye.pe/daavif/assets/equipos/accesorio/ACC_CODE-6941812791585_K-20260826104111.jpg","jpg","68961.0000","width: 729 x height: 835"
"57","CHOSICA","Accesorio","REDMI","WATCH 5 ACTIVE","MIDNIGHT BLACK","\N","\N","\N","\N","\N","Bluetooth 5.3","\N","Smartwatch","\N","470 mAh","Bluetooth","https://expansiontecmye.pe/daavif/assets/equipos/accesorio/ACC_CODE-6941812791585_K-20260826104111.jpg","jpg","68961.0000","width: 729 x height: 835"
"57","CHOSICA","Accesorio","REDMI","WATCH 5 ACTIVE","MIDNIGHT BLACK","\N","\N","\N","\N","\N","Bluetooth 5.3","\N","Smartwatch","\N","470 mAh","Bluetooth","https://expansiontecmye.pe/daavif/assets/equipos/accesorio/ACC_CODE-6941812791585_K-20260826104111.jpg","jpg","68961.0000","width: 729 x height: 835"
"56","CHOSICA","Accesorio","REDMI","WATCH 5 ACTIVE","MATTE SILVER","\N","\N","\N","\N","\N","Bluetooth 5.3 BLE, 5 ATM","\N","Smartwatch","\N","470 mAh","Bluetooth","https://expansiontecmye.pe/daavif/assets/equipos/accesorio/ACC_CODE-6941812791547_K-20260826103656.jpg","jpg","52286.0000","width: 643 x height: 709"
"86","CIENEGUILLA","Accesorio","XIAOMI","REDMI BUDS 6 PLAY","BLACK","\N","\N","\N","\N","\N","USB Tipo C","\N","Audífono Bluetooth","\N","600 mAh","Bluetooth","https://expansiontecmye.pe/daavif/assets/equipos/accesorio/ACC_CODE-6941812791240_K-20260826153735.jpg","jpg","34516.0000","width: 634 x height: 789"
"86","CIENEGUILLA","Accesorio","XIAOMI","REDMI BUDS 6 PLAY","BLACK","\N","\N","\N","\N","\N","USB Tipo C","\N","Audífono Bluetooth","\N","600 mAh","Bluetooth","https://expansiontecmye.pe/daavif/assets/equipos/accesorio/ACC_CODE-6941812791240_K-20260826153735.jpg","jpg","34516.0000","width: 634 x height: 789"
"86","CIENEGUILLA","Accesorio","XIAOMI","REDMI BUDS 6 PLAY","BLACK","\N","\N","\N","\N","\N","USB Tipo C","\N","Audífono Bluetooth","\N","600 mAh","Bluetooth","https://expansiontecmye.pe/daavif/assets/equipos/accesorio/ACC_CODE-6941812791240_K-20260826153735.jpg","jpg","34516.0000","width: 634 x height: 789"
"72","CHOSICA","Accesorio","HONOR","CHOICE WHATCH 2i","BLACK","\N","\N","\N","\N","\N","Certificación IP68 y 1 ATM","\N","Smartwatch","\N","330 mAh","Bluetooth","https://expansiontecmye.pe/daavif/assets/equipos/accesorio/ACC_CODE-6977887510080_K-20260826133436.jpg","jpg","71854.0000","width: 733 x height: 800"
"95","CHOSICA","Accesorio","XIAOMI","SOUND POCKET MDZ-37-DB","BLACK","\N","\N","\N","\N","\N","Certificación IP67 contra polvo y agua","\N","Parlante","\N","5 W","Bluetooth","https://expansiontecmye.pe/daavif/assets/equipos/accesorio/ACC_CODE-190997007110_K-20260826161527.jpg","jpg","102361.0000","width: 506 x height: 861"
"95","CIENEGUILLA","Accesorio","XIAOMI","SOUND POCKET MDZ-37-DB","BLACK","\N","\N","\N","\N","\N","Certificación IP67 contra polvo y agua","\N","Parlante","\N","5 W","Bluetooth","https://expansiontecmye.pe/daavif/assets/equipos/accesorio/ACC_CODE-190997007110_K-20260826161527.jpg","jpg","102361.0000","width: 506 x height: 861"
"56","CHOSICA","Accesorio","REDMI","WATCH 5 ACTIVE","MATTE SILVER","\N","\N","\N","\N","\N","Bluetooth 5.3 BLE, 5 ATM","\N","Smartwatch","\N","470 mAh","Bluetooth","https://expansiontecmye.pe/daavif/assets/equipos/accesorio/ACC_CODE-6941812791547_K-20260826103656.jpg","jpg","52286.0000","width: 643 x height: 709"
"95","CIENEGUILLA","Accesorio","XIAOMI","SOUND POCKET MDZ-37-DB","BLACK","\N","\N","\N","\N","\N","Certificación IP67 contra polvo y agua","\N","Parlante","\N","5 W","Bluetooth","https://expansiontecmye.pe/daavif/assets/equipos/accesorio/ACC_CODE-190997007110_K-20260826161527.jpg","jpg","102361.0000","width: 506 x height: 861"
"86","CIENEGUILLA","Accesorio","XIAOMI","REDMI BUDS 6 PLAY","BLACK","\N","\N","\N","\N","\N","USB Tipo C","\N","Audífono Bluetooth","\N","600 mAh","Bluetooth","https://expansiontecmye.pe/daavif/assets/equipos/accesorio/ACC_CODE-6941812791240_K-20260826153735.jpg","jpg","34516.0000","width: 634 x height: 789"
"86","CIENEGUILLA","Accesorio","XIAOMI","REDMI BUDS 6 PLAY","BLACK","\N","\N","\N","\N","\N","USB Tipo C","\N","Audífono Bluetooth","\N","600 mAh","Bluetooth","https://expansiontecmye.pe/daavif/assets/equipos/accesorio/ACC_CODE-6941812791240_K-20260826153735.jpg","jpg","34516.0000","width: 634 x height: 789"
"55","CIENEGUILLA","Accesorio","REDMI","BUDS 6 LITE","WHITE","\N","\N","\N","\N","\N","Bluetooth 5.3","\N","Audífono Bluetooth","\N","40 dB","Bluetooth","https://expansiontecmye.pe/daavif/assets/equipos/accesorio/ACC_CODE-6941812787847_K-20260826103315.jpg","jpg","36773.0000","width: 699 x height: 879"
"55","CIENEGUILLA","Accesorio","REDMI","BUDS 6 LITE","WHITE","\N","\N","\N","\N","\N","Bluetooth 5.3","\N","Audífono Bluetooth","\N","40 dB","Bluetooth","https://expansiontecmye.pe/daavif/assets/equipos/accesorio/ACC_CODE-6941812787847_K-20260826103315.jpg","jpg","36773.0000","width: 699 x height: 879"
"54","CHOSICA","Accesorio","REDMI","BUDS 6 LITE","BLACK","\N","\N","\N","\N","\N","Bluetooth 5.3","\N","Audífono Bluetooth","\N","40 dB","Bluetooth","https://expansiontecmye.pe/daavif/assets/equipos/accesorio/ACC_CODE-6941812787823_K-20260826102009.jpg","jpg","42641.0000","width: 701 x height: 592"
"54","CIENEGUILLA","Accesorio","REDMI","BUDS 6 LITE","BLACK","\N","\N","\N","\N","\N","Bluetooth 5.3","\N","Audífono Bluetooth","\N","40 dB","Bluetooth","https://expansiontecmye.pe/daavif/assets/equipos/accesorio/ACC_CODE-6941812787823_K-20260826102009.jpg","jpg","42641.0000","width: 701 x height: 592"
"54","CIENEGUILLA","Accesorio","REDMI","BUDS 6 LITE","BLACK","\N","\N","\N","\N","\N","Bluetooth 5.3","\N","Audífono Bluetooth","\N","40 dB","Bluetooth","https://expansiontecmye.pe/daavif/assets/equipos/accesorio/ACC_CODE-6941812787823_K-20260826102009.jpg","jpg","42641.0000","width: 701 x height: 592"
"54","CIENEGUILLA","Accesorio","REDMI","BUDS 6 LITE","BLACK","\N","\N","\N","\N","\N","Bluetooth 5.3","\N","Audífono Bluetooth","\N","40 dB","Bluetooth","https://expansiontecmye.pe/daavif/assets/equipos/accesorio/ACC_CODE-6941812787823_K-20260826102009.jpg","jpg","42641.0000","width: 701 x height: 592"
"54","CIENEGUILLA","Accesorio","REDMI","BUDS 6 LITE","BLACK","\N","\N","\N","\N","\N","Bluetooth 5.3","\N","Audífono Bluetooth","\N","40 dB","Bluetooth","https://expansiontecmye.pe/daavif/assets/equipos/accesorio/ACC_CODE-6941812787823_K-20260826102009.jpg","jpg","42641.0000","width: 701 x height: 592"
"95","CIENEGUILLA","Accesorio","XIAOMI","SOUND POCKET MDZ-37-DB","BLACK","\N","\N","\N","\N","\N","Certificación IP67 contra polvo y agua","\N","Parlante","\N","5 W","Bluetooth","https://expansiontecmye.pe/daavif/assets/equipos/accesorio/ACC_CODE-190997007110_K-20260826161527.jpg","jpg","102361.0000","width: 506 x height: 861"
"96","CHOSICA","Accesorio","XIAOMI","SOUND POCKET MDZ-37-DB","BLUE GRAY","\N","\N","\N","\N","\N","Certificación IP67 (agua y polvo)","\N","Parlante","\N","5W","Bluetooth","https://expansiontecmye.pe/daavif/assets/equipos/accesorio/ACC_CODE-190997009770_K-20260826161904.jpg","jpg","132174.0000","width: 656 x height: 864"
"96","CHOSICA","Accesorio","XIAOMI","SOUND POCKET MDZ-37-DB","BLUE GRAY","\N","\N","\N","\N","\N","Certificación IP67 (agua y polvo)","\N","Parlante","\N","5W","Bluetooth","https://expansiontecmye.pe/daavif/assets/equipos/accesorio/ACC_CODE-190997009770_K-20260826161904.jpg","jpg","132174.0000","width: 656 x height: 864"
"96","CHOSICA","Accesorio","XIAOMI","SOUND POCKET MDZ-37-DB","BLUE GRAY","\N","\N","\N","\N","\N","Certificación IP67 (agua y polvo)","\N","Parlante","\N","5W","Bluetooth","https://expansiontecmye.pe/daavif/assets/equipos/accesorio/ACC_CODE-190997009770_K-20260826161904.jpg","jpg","132174.0000","width: 656 x height: 864"
"96","CHOSICA","Accesorio","XIAOMI","SOUND POCKET MDZ-37-DB","BLUE GRAY","\N","\N","\N","\N","\N","Certificación IP67 (agua y polvo)","\N","Parlante","\N","5W","Bluetooth","https://expansiontecmye.pe/daavif/assets/equipos/accesorio/ACC_CODE-190997009770_K-20260826161904.jpg","jpg","132174.0000","width: 656 x height: 864"
"96","CHOSICA","Accesorio","XIAOMI","SOUND POCKET MDZ-37-DB","BLUE GRAY","\N","\N","\N","\N","\N","Certificación IP67 (agua y polvo)","\N","Parlante","\N","5W","Bluetooth","https://expansiontecmye.pe/daavif/assets/equipos/accesorio/ACC_CODE-190997009770_K-20260826161904.jpg","jpg","132174.0000","width: 656 x height: 864"
"95","CHOSICA","Accesorio","XIAOMI","SOUND POCKET MDZ-37-DB","BLACK","\N","\N","\N","\N","\N","Certificación IP67 contra polvo y agua","\N","Parlante","\N","5 W","Bluetooth","https://expansiontecmye.pe/daavif/assets/equipos/accesorio/ACC_CODE-190997007110_K-20260826161527.jpg","jpg","102361.0000","width: 506 x height: 861"
"95","CHOSICA","Accesorio","XIAOMI","SOUND POCKET MDZ-37-DB","BLACK","\N","\N","\N","\N","\N","Certificación IP67 contra polvo y agua","\N","Parlante","\N","5 W","Bluetooth","https://expansiontecmye.pe/daavif/assets/equipos/accesorio/ACC_CODE-190997007110_K-20260826161527.jpg","jpg","102361.0000","width: 506 x height: 861"
"95","CHOSICA","Accesorio","XIAOMI","SOUND POCKET MDZ-37-DB","BLACK","\N","\N","\N","\N","\N","Certificación IP67 contra polvo y agua","\N","Parlante","\N","5 W","Bluetooth","https://expansiontecmye.pe/daavif/assets/equipos/accesorio/ACC_CODE-190997007110_K-20260826161527.jpg","jpg","102361.0000","width: 506 x height: 861"
"95","CHOSICA","Accesorio","XIAOMI","SOUND POCKET MDZ-37-DB","BLACK","\N","\N","\N","\N","\N","Certificación IP67 contra polvo y agua","\N","Parlante","\N","5 W","Bluetooth","https://expansiontecmye.pe/daavif/assets/equipos/accesorio/ACC_CODE-190997007110_K-20260826161527.jpg","jpg","102361.0000","width: 506 x height: 861"
"95","CHOSICA","Accesorio","XIAOMI","SOUND POCKET MDZ-37-DB","BLACK","\N","\N","\N","\N","\N","Certificación IP67 contra polvo y agua","\N","Parlante","\N","5 W","Bluetooth","https://expansiontecmye.pe/daavif/assets/equipos/accesorio/ACC_CODE-190997007110_K-20260826161527.jpg","jpg","102361.0000","width: 506 x height: 861"
"95","CHOSICA","Accesorio","XIAOMI","SOUND POCKET MDZ-37-DB","BLACK","\N","\N","\N","\N","\N","Certificación IP67 contra polvo y agua","\N","Parlante","\N","5 W","Bluetooth","https://expansiontecmye.pe/daavif/assets/equipos/accesorio/ACC_CODE-190997007110_K-20260826161527.jpg","jpg","102361.0000","width: 506 x height: 861"
"95","CIENEGUILLA","Accesorio","XIAOMI","SOUND POCKET MDZ-37-DB","BLACK","\N","\N","\N","\N","\N","Certificación IP67 contra polvo y agua","\N","Parlante","\N","5 W","Bluetooth","https://expansiontecmye.pe/daavif/assets/equipos/accesorio/ACC_CODE-190997007110_K-20260826161527.jpg","jpg","102361.0000","width: 506 x height: 861"
"59","LURIN","Accesorio","SAMSUNG","DADO ADAPTADOR 25W","NEGRO","\N","\N","\N","\N","\N","25 W","\N","Adaptador","\N","\N","Tipo C","https://expansiontecmye.pe/daavif/assets/equipos/accesorio/ACC_CODE-7019667_K-20260826105552.jpg","jpg","23299.0000","width: 588 x height: 461"
"59","LURIN","Accesorio","SAMSUNG","DADO ADAPTADOR 25W","NEGRO","\N","\N","\N","\N","\N","25 W","\N","Adaptador","\N","\N","Tipo C","https://expansiontecmye.pe/daavif/assets/equipos/accesorio/ACC_CODE-7019667_K-20260826105552.jpg","jpg","23299.0000","width: 588 x height: 461"
"43","CHOSICA","Equipo Celular","MOTOROLA","MOTO G06","AZUL","4G LTE","128 GB","4 GB","\N","MediaTek Helio G81 Ultra Octa-core","Android 15","\N","\N","\N","\N","Tipo C","https://expansiontecmye.pe/daavif/assets/equipos/celular/CEL_CODE-840493607085_K-20260826082119.jpg","jpg","63589.0000","width: 782 x height: 803"
"62","CHOSICA","Equipo Celular","SAMSUNG","GALAXY A16","NEGRO","5G","128 GB","4 GB","\N","MediaTek Helio G99 Octa-core","Android 14","\N","\N","\N","\N","Tipo C","https://expansiontecmye.pe/daavif/assets/equipos/celular/CEL_CODE-8806095814438_K-20260826110913.jpg","jpg","73568.0000","width: 690 x height: 877"
"62","CHOSICA","Equipo Celular","SAMSUNG","GALAXY A16","NEGRO","5G","128 GB","4 GB","\N","MediaTek Helio G99 Octa-core","Android 14","\N","\N","\N","\N","Tipo C","https://expansiontecmye.pe/daavif/assets/equipos/celular/CEL_CODE-8806095814438_K-20260826110913.jpg","jpg","73568.0000","width: 690 x height: 877"
"62","CHOSICA","Equipo Celular","SAMSUNG","GALAXY A16","NEGRO","5G","128 GB","4 GB","\N","MediaTek Helio G99 Octa-core","Android 14","\N","\N","\N","\N","Tipo C","https://expansiontecmye.pe/daavif/assets/equipos/celular/CEL_CODE-8806095814438_K-20260826110913.jpg","jpg","73568.0000","width: 690 x height: 877"
"13","LURIN","Accesorio","APPLE","USB-C 20W POWER ADAPTER","BLANCO","\N","\N","\N","\N","\N","INPUT: 100 a 240 VCA - OUTPUT: 9 VCC / 2,2 A","\N","Adaptador","Plastico","20W","Tipo C","https://expansiontecmye.pe/daavif/assets/equipos/accesorio/ACC_CODE-195949537110_K-20260825193118.jpg","jpg","33403.0000","width: 755 x height: 864"
"13","LURIN","Accesorio","APPLE","USB-C 20W POWER ADAPTER","BLANCO","\N","\N","\N","\N","\N","INPUT: 100 a 240 VCA - OUTPUT: 9 VCC / 2,2 A","\N","Adaptador","Plastico","20W","Tipo C","https://expansiontecmye.pe/daavif/assets/equipos/accesorio/ACC_CODE-195949537110_K-20260825193118.jpg","jpg","33403.0000","width: 755 x height: 864"
"13","LURIN","Accesorio","APPLE","USB-C 20W POWER ADAPTER","BLANCO","\N","\N","\N","\N","\N","INPUT: 100 a 240 VCA - OUTPUT: 9 VCC / 2,2 A","\N","Adaptador","Plastico","20W","Tipo C","https://expansiontecmye.pe/daavif/assets/equipos/accesorio/ACC_CODE-195949537110_K-20260825193118.jpg","jpg","33403.0000","width: 755 x height: 864"
"13","LURIN","Accesorio","APPLE","USB-C 20W POWER ADAPTER","BLANCO","\N","\N","\N","\N","\N","INPUT: 100 a 240 VCA - OUTPUT: 9 VCC / 2,2 A","\N","Adaptador","Plastico","20W","Tipo C","https://expansiontecmye.pe/daavif/assets/equipos/accesorio/ACC_CODE-195949537110_K-20260825193118.jpg","jpg","33403.0000","width: 755 x height: 864"
"13","LURIN","Accesorio","APPLE","USB-C 20W POWER ADAPTER","BLANCO","\N","\N","\N","\N","\N","INPUT: 100 a 240 VCA - OUTPUT: 9 VCC / 2,2 A","\N","Adaptador","Plastico","20W","Tipo C","https://expansiontecmye.pe/daavif/assets/equipos/accesorio/ACC_CODE-195949537110_K-20260825193118.jpg","jpg","33403.0000","width: 755 x height: 864"
"13","LURIN","Accesorio","APPLE","USB-C 20W POWER ADAPTER","BLANCO","\N","\N","\N","\N","\N","INPUT: 100 a 240 VCA - OUTPUT: 9 VCC / 2,2 A","\N","Adaptador","Plastico","20W","Tipo C","https://expansiontecmye.pe/daavif/assets/equipos/accesorio/ACC_CODE-195949537110_K-20260825193118.jpg","jpg","33403.0000","width: 755 x height: 864"
"13","LURIN","Accesorio","APPLE","USB-C 20W POWER ADAPTER","BLANCO","\N","\N","\N","\N","\N","INPUT: 100 a 240 VCA - OUTPUT: 9 VCC / 2,2 A","\N","Adaptador","Plastico","20W","Tipo C","https://expansiontecmye.pe/daavif/assets/equipos/accesorio/ACC_CODE-195949537110_K-20260825193118.jpg","jpg","33403.0000","width: 755 x height: 864"
"62","LURIN","Equipo Celular","SAMSUNG","GALAXY A16","NEGRO","5G","128 GB","4 GB","\N","MediaTek Helio G99 Octa-core","Android 14","\N","\N","\N","\N","Tipo C","https://expansiontecmye.pe/daavif/assets/equipos/celular/CEL_CODE-8806095814438_K-20260826110913.jpg","jpg","73568.0000","width: 690 x height: 877"
"62","CIENEGUILLA","Equipo Celular","SAMSUNG","GALAXY A16","NEGRO","5G","128 GB","4 GB","\N","MediaTek Helio G99 Octa-core","Android 14","\N","\N","\N","\N","Tipo C","https://expansiontecmye.pe/daavif/assets/equipos/celular/CEL_CODE-8806095814438_K-20260826110913.jpg","jpg","73568.0000","width: 690 x height: 877"
"62","CIENEGUILLA","Equipo Celular","SAMSUNG","GALAXY A16","NEGRO","5G","128 GB","4 GB","\N","MediaTek Helio G99 Octa-core","Android 14","\N","\N","\N","\N","Tipo C","https://expansiontecmye.pe/daavif/assets/equipos/celular/CEL_CODE-8806095814438_K-20260826110913.jpg","jpg","73568.0000","width: 690 x height: 877"
"62","CIENEGUILLA","Equipo Celular","SAMSUNG","GALAXY A16","NEGRO","5G","128 GB","4 GB","\N","MediaTek Helio G99 Octa-core","Android 14","\N","\N","\N","\N","Tipo C","https://expansiontecmye.pe/daavif/assets/equipos/celular/CEL_CODE-8806095814438_K-20260826110913.jpg","jpg","73568.0000","width: 690 x height: 877"
"43","CHOSICA","Equipo Celular","MOTOROLA","MOTO G06","AZUL","4G LTE","128 GB","4 GB","\N","MediaTek Helio G81 Ultra Octa-core","Android 15","\N","\N","\N","\N","Tipo C","https://expansiontecmye.pe/daavif/assets/equipos/celular/CEL_CODE-840493607085_K-20260826082119.jpg","jpg","63589.0000","width: 782 x height: 803"
"43","CHOSICA","Equipo Celular","MOTOROLA","MOTO G06","AZUL","4G LTE","128 GB","4 GB","\N","MediaTek Helio G81 Ultra Octa-core","Android 15","\N","\N","\N","\N","Tipo C","https://expansiontecmye.pe/daavif/assets/equipos/celular/CEL_CODE-840493607085_K-20260826082119.jpg","jpg","63589.0000","width: 782 x height: 803"
"43","CHOSICA","Equipo Celular","MOTOROLA","MOTO G06","AZUL","4G LTE","128 GB","4 GB","\N","MediaTek Helio G81 Ultra Octa-core","Android 15","\N","\N","\N","\N","Tipo C","https://expansiontecmye.pe/daavif/assets/equipos/celular/CEL_CODE-840493607085_K-20260826082119.jpg","jpg","63589.0000","width: 782 x height: 803"
"59","CHOSICA","Accesorio","SAMSUNG","DADO ADAPTADOR 25W","NEGRO","\N","\N","\N","\N","\N","25 W","\N","Adaptador","\N","\N","Tipo C","https://expansiontecmye.pe/daavif/assets/equipos/accesorio/ACC_CODE-7019667_K-20260826105552.jpg","jpg","23299.0000","width: 588 x height: 461"
"59","CHOSICA","Accesorio","SAMSUNG","DADO ADAPTADOR 25W","NEGRO","\N","\N","\N","\N","\N","25 W","\N","Adaptador","\N","\N","Tipo C","https://expansiontecmye.pe/daavif/assets/equipos/accesorio/ACC_CODE-7019667_K-20260826105552.jpg","jpg","23299.0000","width: 588 x height: 461"
"59","CHOSICA","Accesorio","SAMSUNG","DADO ADAPTADOR 25W","NEGRO","\N","\N","\N","\N","\N","25 W","\N","Adaptador","\N","\N","Tipo C","https://expansiontecmye.pe/daavif/assets/equipos/accesorio/ACC_CODE-7019667_K-20260826105552.jpg","jpg","23299.0000","width: 588 x height: 461"
"59","CHOSICA","Accesorio","SAMSUNG","DADO ADAPTADOR 25W","NEGRO","\N","\N","\N","\N","\N","25 W","\N","Adaptador","\N","\N","Tipo C","https://expansiontecmye.pe/daavif/assets/equipos/accesorio/ACC_CODE-7019667_K-20260826105552.jpg","jpg","23299.0000","width: 588 x height: 461"
"59","CIENEGUILLA","Accesorio","SAMSUNG","DADO ADAPTADOR 25W","NEGRO","\N","\N","\N","\N","\N","25 W","\N","Adaptador","\N","\N","Tipo C","https://expansiontecmye.pe/daavif/assets/equipos/accesorio/ACC_CODE-7019667_K-20260826105552.jpg","jpg","23299.0000","width: 588 x height: 461"
"59","CIENEGUILLA","Accesorio","SAMSUNG","DADO ADAPTADOR 25W","NEGRO","\N","\N","\N","\N","\N","25 W","\N","Adaptador","\N","\N","Tipo C","https://expansiontecmye.pe/daavif/assets/equipos/accesorio/ACC_CODE-7019667_K-20260826105552.jpg","jpg","23299.0000","width: 588 x height: 461"
"13","CHOSICA","Accesorio","APPLE","USB-C 20W POWER ADAPTER","BLANCO","\N","\N","\N","\N","\N","INPUT: 100 a 240 VCA - OUTPUT: 9 VCC / 2,2 A","\N","Adaptador","Plastico","20W","Tipo C","https://expansiontecmye.pe/daavif/assets/equipos/accesorio/ACC_CODE-195949537110_K-20260825193118.jpg","jpg","33403.0000","width: 755 x height: 864"
"13","CHOSICA","Accesorio","APPLE","USB-C 20W POWER ADAPTER","BLANCO","\N","\N","\N","\N","\N","INPUT: 100 a 240 VCA - OUTPUT: 9 VCC / 2,2 A","\N","Adaptador","Plastico","20W","Tipo C","https://expansiontecmye.pe/daavif/assets/equipos/accesorio/ACC_CODE-195949537110_K-20260825193118.jpg","jpg","33403.0000","width: 755 x height: 864"
"13","CHOSICA","Accesorio","APPLE","USB-C 20W POWER ADAPTER","BLANCO","\N","\N","\N","\N","\N","INPUT: 100 a 240 VCA - OUTPUT: 9 VCC / 2,2 A","\N","Adaptador","Plastico","20W","Tipo C","https://expansiontecmye.pe/daavif/assets/equipos/accesorio/ACC_CODE-195949537110_K-20260825193118.jpg","jpg","33403.0000","width: 755 x height: 864"
"13","CHOSICA","Accesorio","APPLE","USB-C 20W POWER ADAPTER","BLANCO","\N","\N","\N","\N","\N","INPUT: 100 a 240 VCA - OUTPUT: 9 VCC / 2,2 A","\N","Adaptador","Plastico","20W","Tipo C","https://expansiontecmye.pe/daavif/assets/equipos/accesorio/ACC_CODE-195949537110_K-20260825193118.jpg","jpg","33403.0000","width: 755 x height: 864"
"13","CHOSICA","Accesorio","APPLE","USB-C 20W POWER ADAPTER","BLANCO","\N","\N","\N","\N","\N","INPUT: 100 a 240 VCA - OUTPUT: 9 VCC / 2,2 A","\N","Adaptador","Plastico","20W","Tipo C","https://expansiontecmye.pe/daavif/assets/equipos/accesorio/ACC_CODE-195949537110_K-20260825193118.jpg","jpg","33403.0000","width: 755 x height: 864"
"13","CHOSICA","Accesorio","APPLE","USB-C 20W POWER ADAPTER","BLANCO","\N","\N","\N","\N","\N","INPUT: 100 a 240 VCA - OUTPUT: 9 VCC / 2,2 A","\N","Adaptador","Plastico","20W","Tipo C","https://expansiontecmye.pe/daavif/assets/equipos/accesorio/ACC_CODE-195949537110_K-20260825193118.jpg","jpg","33403.0000","width: 755 x height: 864"
"13","CHOSICA","Accesorio","APPLE","USB-C 20W POWER ADAPTER","BLANCO","\N","\N","\N","\N","\N","INPUT: 100 a 240 VCA - OUTPUT: 9 VCC / 2,2 A","\N","Adaptador","Plastico","20W","Tipo C","https://expansiontecmye.pe/daavif/assets/equipos/accesorio/ACC_CODE-195949537110_K-20260825193118.jpg","jpg","33403.0000","width: 755 x height: 864"
"13","CHOSICA","Accesorio","APPLE","USB-C 20W POWER ADAPTER","BLANCO","\N","\N","\N","\N","\N","INPUT: 100 a 240 VCA - OUTPUT: 9 VCC / 2,2 A","\N","Adaptador","Plastico","20W","Tipo C","https://expansiontecmye.pe/daavif/assets/equipos/accesorio/ACC_CODE-195949537110_K-20260825193118.jpg","jpg","33403.0000","width: 755 x height: 864"
"13","CHOSICA","Accesorio","APPLE","USB-C 20W POWER ADAPTER","BLANCO","\N","\N","\N","\N","\N","INPUT: 100 a 240 VCA - OUTPUT: 9 VCC / 2,2 A","\N","Adaptador","Plastico","20W","Tipo C","https://expansiontecmye.pe/daavif/assets/equipos/accesorio/ACC_CODE-195949537110_K-20260825193118.jpg","jpg","33403.0000","width: 755 x height: 864"
"13","CHOSICA","Accesorio","APPLE","USB-C 20W POWER ADAPTER","BLANCO","\N","\N","\N","\N","\N","INPUT: 100 a 240 VCA - OUTPUT: 9 VCC / 2,2 A","\N","Adaptador","Plastico","20W","Tipo C","https://expansiontecmye.pe/daavif/assets/equipos/accesorio/ACC_CODE-195949537110_K-20260825193118.jpg","jpg","33403.0000","width: 755 x height: 864"
"13","LURIN","Accesorio","APPLE","USB-C 20W POWER ADAPTER","BLANCO","\N","\N","\N","\N","\N","INPUT: 100 a 240 VCA - OUTPUT: 9 VCC / 2,2 A","\N","Adaptador","Plastico","20W","Tipo C","https://expansiontecmye.pe/daavif/assets/equipos/accesorio/ACC_CODE-195949537110_K-20260825193118.jpg","jpg","33403.0000","width: 755 x height: 864"
"13","LURIN","Accesorio","APPLE","USB-C 20W POWER ADAPTER","BLANCO","\N","\N","\N","\N","\N","INPUT: 100 a 240 VCA - OUTPUT: 9 VCC / 2,2 A","\N","Adaptador","Plastico","20W","Tipo C","https://expansiontecmye.pe/daavif/assets/equipos/accesorio/ACC_CODE-195949537110_K-20260825193118.jpg","jpg","33403.0000","width: 755 x height: 864"
"13","CIENEGUILLA","Accesorio","APPLE","USB-C 20W POWER ADAPTER","BLANCO","\N","\N","\N","\N","\N","INPUT: 100 a 240 VCA - OUTPUT: 9 VCC / 2,2 A","\N","Adaptador","Plastico","20W","Tipo C","https://expansiontecmye.pe/daavif/assets/equipos/accesorio/ACC_CODE-195949537110_K-20260825193118.jpg","jpg","33403.0000","width: 755 x height: 864"
"13","CIENEGUILLA","Accesorio","APPLE","USB-C 20W POWER ADAPTER","BLANCO","\N","\N","\N","\N","\N","INPUT: 100 a 240 VCA - OUTPUT: 9 VCC / 2,2 A","\N","Adaptador","Plastico","20W","Tipo C","https://expansiontecmye.pe/daavif/assets/equipos/accesorio/ACC_CODE-195949537110_K-20260825193118.jpg","jpg","33403.0000","width: 755 x height: 864"
"13","CIENEGUILLA","Accesorio","APPLE","USB-C 20W POWER ADAPTER","BLANCO","\N","\N","\N","\N","\N","INPUT: 100 a 240 VCA - OUTPUT: 9 VCC / 2,2 A","\N","Adaptador","Plastico","20W","Tipo C","https://expansiontecmye.pe/daavif/assets/equipos/accesorio/ACC_CODE-195949537110_K-20260825193118.jpg","jpg","33403.0000","width: 755 x height: 864"
"59","LURIN","Accesorio","SAMSUNG","DADO ADAPTADOR 25W","NEGRO","\N","\N","\N","\N","\N","25 W","\N","Adaptador","\N","\N","Tipo C","https://expansiontecmye.pe/daavif/assets/equipos/accesorio/ACC_CODE-7019667_K-20260826105552.jpg","jpg","23299.0000","width: 588 x height: 461"
"59","CIENEGUILLA","Accesorio","SAMSUNG","DADO ADAPTADOR 25W","NEGRO","\N","\N","\N","\N","\N","25 W","\N","Adaptador","\N","\N","Tipo C","https://expansiontecmye.pe/daavif/assets/equipos/accesorio/ACC_CODE-7019667_K-20260826105552.jpg","jpg","23299.0000","width: 588 x height: 461"
"43","LURIN","Equipo Celular","MOTOROLA","MOTO G06","AZUL","4G LTE","128 GB","4 GB","\N","MediaTek Helio G81 Ultra Octa-core","Android 15","\N","\N","\N","\N","Tipo C","https://expansiontecmye.pe/daavif/assets/equipos/celular/CEL_CODE-840493607085_K-20260826082119.jpg","jpg","63589.0000","width: 782 x height: 803"
"59","CHOSICA","Accesorio","SAMSUNG","DADO ADAPTADOR 25W","NEGRO","\N","\N","\N","\N","\N","25 W","\N","Adaptador","\N","\N","Tipo C","https://expansiontecmye.pe/daavif/assets/equipos/accesorio/ACC_CODE-7019667_K-20260826105552.jpg","jpg","23299.0000","width: 588 x height: 461"
"59","CHOSICA","Accesorio","SAMSUNG","DADO ADAPTADOR 25W","NEGRO","\N","\N","\N","\N","\N","25 W","\N","Adaptador","\N","\N","Tipo C","https://expansiontecmye.pe/daavif/assets/equipos/accesorio/ACC_CODE-7019667_K-20260826105552.jpg","jpg","23299.0000","width: 588 x height: 461"
"59","LURIN","Accesorio","SAMSUNG","DADO ADAPTADOR 25W","NEGRO","\N","\N","\N","\N","\N","25 W","\N","Adaptador","\N","\N","Tipo C","https://expansiontecmye.pe/daavif/assets/equipos/accesorio/ACC_CODE-7019667_K-20260826105552.jpg","jpg","23299.0000","width: 588 x height: 461"
"59","LURIN","Accesorio","SAMSUNG","DADO ADAPTADOR 25W","NEGRO","\N","\N","\N","\N","\N","25 W","\N","Adaptador","\N","\N","Tipo C","https://expansiontecmye.pe/daavif/assets/equipos/accesorio/ACC_CODE-7019667_K-20260826105552.jpg","jpg","23299.0000","width: 588 x height: 461"
"59","LURIN","Accesorio","SAMSUNG","DADO ADAPTADOR 25W","NEGRO","\N","\N","\N","\N","\N","25 W","\N","Adaptador","\N","\N","Tipo C","https://expansiontecmye.pe/daavif/assets/equipos/accesorio/ACC_CODE-7019667_K-20260826105552.jpg","jpg","23299.0000","width: 588 x height: 461"
"59","LURIN","Accesorio","SAMSUNG","DADO ADAPTADOR 25W","NEGRO","\N","\N","\N","\N","\N","25 W","\N","Adaptador","\N","\N","Tipo C","https://expansiontecmye.pe/daavif/assets/equipos/accesorio/ACC_CODE-7019667_K-20260826105552.jpg","jpg","23299.0000","width: 588 x height: 461"
"59","LURIN","Accesorio","SAMSUNG","DADO ADAPTADOR 25W","NEGRO","\N","\N","\N","\N","\N","25 W","\N","Adaptador","\N","\N","Tipo C","https://expansiontecmye.pe/daavif/assets/equipos/accesorio/ACC_CODE-7019667_K-20260826105552.jpg","jpg","23299.0000","width: 588 x height: 461"
"59","LURIN","Accesorio","SAMSUNG","DADO ADAPTADOR 25W","NEGRO","\N","\N","\N","\N","\N","25 W","\N","Adaptador","\N","\N","Tipo C","https://expansiontecmye.pe/daavif/assets/equipos/accesorio/ACC_CODE-7019667_K-20260826105552.jpg","jpg","23299.0000","width: 588 x height: 461"
"59","LURIN","Accesorio","SAMSUNG","DADO ADAPTADOR 25W","NEGRO","\N","\N","\N","\N","\N","25 W","\N","Adaptador","\N","\N","Tipo C","https://expansiontecmye.pe/daavif/assets/equipos/accesorio/ACC_CODE-7019667_K-20260826105552.jpg","jpg","23299.0000","width: 588 x height: 461"
"18","LURIN","Accesorio","HONOR","CHOICE EARBUDS X7 LITE MZT-ME00","WHITE","\N","\N","\N","\N","\N","Bluetooth 5.4","\N","Audífono Bluetooth","Plastico","20 Hz - 20 000 Hz","Tipo C","https://expansiontecmye.pe/daavif/assets/equipos/accesorio/ACC_CODE-6975840260638_K-20260825220524.jpg","jpg","45916.0000","width: 876 x height: 913"
"30","CIENEGUILLA","Equipo Celular","HONOR","X8C","CIAN OCEANO","4G LTE","256 GB","8 GB + 8 GB","Dual SIM","Qualcomm Snapdragon 685 Octa-core","\N","\N","\N","\N","\N","Tipo C","https://expansiontecmye.pe/daavif/assets/equipos/celular/CEL_CODE-6936520872688_K-20260825225752.jpg","jpg","117549.0000","width: 746 x height: 887"
"28","LURIN","Equipo Celular","HONOR","X6C","BLANCO LUNAR ","4G","256 GB","6 GB","Dual SIM","MediaTek Helio G81 Ultra Octa-core","\N","\N","\N","\N","\N","Tipo C","https://expansiontecmye.pe/daavif/assets/equipos/celular/CEL_CODE-70065949_K-20260825224912.jpg","jpg","50270.0000","width: 660 x height: 798"
"28","CIENEGUILLA","Equipo Celular","HONOR","X6C","BLANCO LUNAR ","4G","256 GB","6 GB","Dual SIM","MediaTek Helio G81 Ultra Octa-core","\N","\N","\N","\N","\N","Tipo C","https://expansiontecmye.pe/daavif/assets/equipos/celular/CEL_CODE-70065949_K-20260825224912.jpg","jpg","50270.0000","width: 660 x height: 798"
"29","CHOSICA","Equipo Celular","HONOR","X6C","MEDIANOCHE","4G LTE","256 GB","6 GB","Dual SIM","MediaTek Helio G81 Ultra Octa-core","\N","\N","\N","\N","\N","Tipo C","https://expansiontecmye.pe/daavif/assets/equipos/celular/CEL_CODE-70065760_K-20260825225340.jpg","jpg","82614.0000","width: 709 x height: 855"
"103","LURIN","Equipo Celular","HONOR","X5C","NEGRO MEDIANOCHE","4G","256 GB","6 GB","Dual SIM","MediaTek Helio G81 Octa-core","\N","\N","\N","\N","\N","Tipo C","https://expansiontecmye.pe/daavif/assets/equipos/celular/CEL_CODE-6936520878567_K-20260827135318.jpg","jpg","44037.0000","width: 482 x height: 600"
"94","CIENEGUILLA","Equipo Celular","XIAOMI","REDMI NOTE 15 PRO+","NEGRO","5G","512 GB","12 GB","Dual SIM","Qualcomm Snapdragon 7s Octa-core","\N","\N","\N","\N","\N","Tipo C","https://expansiontecmye.pe/daavif/assets/equipos/celular/CEL_CODE-6932554468033_K-20260826161146.jpg","jpg","103454.0000","width: 763 x height: 876"
"83","CIENEGUILLA","Equipo Celular","XIAOMI","REDMI 15C","AZUL","4G","256 GB","4 GB","Dual SIM","MediaTek Helio G81 Ultra Octa-core","\N","\N","\N","\N","\N","Tipo C","https://expansiontecmye.pe/daavif/assets/equipos/celular/CEL_CODE-6932554456009_K-20260826145757.jpg","jpg","86993.0000","width: 662 x height: 862"
"83","CHOSICA","Equipo Celular","XIAOMI","REDMI 15C","AZUL","4G","256 GB","4 GB","Dual SIM","MediaTek Helio G81 Ultra Octa-core","\N","\N","\N","\N","\N","Tipo C","https://expansiontecmye.pe/daavif/assets/equipos/celular/CEL_CODE-6932554456009_K-20260826145757.jpg","jpg","86993.0000","width: 662 x height: 862"
"102","CIENEGUILLA","Equipo Celular","XIAOMI","15T PRO","PZ","5G","512 GB","12 GB","Dual SIM","MediaTek Dimensity 9400+","\N","\N","\N","\N","\N","Tipo C","https://expansiontecmye.pe/daavif/assets/equipos/celular/CEL_CODE-6932554448264_K-20260827101040.jpg","jpg","103015.0000","width: 714 x height: 871"
"101","CHOSICA","Equipo Celular","XIAOMI","15T PRO","NEGRO","5G","512 GB","12 GB","Dual SIM","MediaTek Dimensity 9400+","\N","\N","\N","\N","\N","Tipo C","https://expansiontecmye.pe/daavif/assets/equipos/celular/CEL_CODE-6932554447823_K-20260827091617.jpg","jpg","102490.0000","width: 699 x height: 868"
"98","CHOSICA","Equipo Celular","ZTE","BLADE A56 PRO","GRIS","4G LTE","128 GB","4 GB","Dual SIM","Unisoc T7250 Octa-Core","Batería 5000 mAh, carga rápida 22.5 W","\N","\N","\N","\N","Tipo C","https://expansiontecmye.pe/daavif/assets/equipos/celular/CEL_CODE-6902176149528_K-20260826162945.jpg","jpg","66606.0000","width: 706 x height: 864"
"98","CHOSICA","Equipo Celular","ZTE","BLADE A56 PRO","GRIS","4G LTE","128 GB","4 GB","Dual SIM","Unisoc T7250 Octa-Core","Batería 5000 mAh, carga rápida 22.5 W","\N","\N","\N","\N","Tipo C","https://expansiontecmye.pe/daavif/assets/equipos/celular/CEL_CODE-6902176149528_K-20260826162945.jpg","jpg","66606.0000","width: 706 x height: 864"
"98","LURIN","Equipo Celular","ZTE","BLADE A56 PRO","GRIS","4G LTE","128 GB","4 GB","Dual SIM","Unisoc T7250 Octa-Core","Batería 5000 mAh, carga rápida 22.5 W","\N","\N","\N","\N","Tipo C","https://expansiontecmye.pe/daavif/assets/equipos/celular/CEL_CODE-6902176149528_K-20260826162945.jpg","jpg","66606.0000","width: 706 x height: 864"
"98","LURIN","Equipo Celular","ZTE","BLADE A56 PRO","GRIS","4G LTE","128 GB","4 GB","Dual SIM","Unisoc T7250 Octa-Core","Batería 5000 mAh, carga rápida 22.5 W","\N","\N","\N","\N","Tipo C","https://expansiontecmye.pe/daavif/assets/equipos/celular/CEL_CODE-6902176149528_K-20260826162945.jpg","jpg","66606.0000","width: 706 x height: 864"
"98","CIENEGUILLA","Equipo Celular","ZTE","BLADE A56 PRO","GRIS","4G LTE","128 GB","4 GB","Dual SIM","Unisoc T7250 Octa-Core","Batería 5000 mAh, carga rápida 22.5 W","\N","\N","\N","\N","Tipo C","https://expansiontecmye.pe/daavif/assets/equipos/celular/CEL_CODE-6902176149528_K-20260826162945.jpg","jpg","66606.0000","width: 706 x height: 864"
"98","CIENEGUILLA","Equipo Celular","ZTE","BLADE A56 PRO","GRIS","4G LTE","128 GB","4 GB","Dual SIM","Unisoc T7250 Octa-Core","Batería 5000 mAh, carga rápida 22.5 W","\N","\N","\N","\N","Tipo C","https://expansiontecmye.pe/daavif/assets/equipos/celular/CEL_CODE-6902176149528_K-20260826162945.jpg","jpg","66606.0000","width: 706 x height: 864"
"97","CHOSICA","Equipo Celular","ZTE","BLADE A36","NEGRO","5G","64 GB","4 GB","Dual SIM","Unisoc T7200 Octa-core","batería 5000 mAh, Carga 10 W","\N","\N","\N","\N","Tipo C","https://expansiontecmye.pe/daavif/assets/equipos/celular/CEL_CODE-6902176147166_K-20260826162402.jpg","jpg","62404.0000","width: 642 x height: 757"
"97","CIENEGUILLA","Equipo Celular","ZTE","BLADE A36","NEGRO","5G","64 GB","4 GB","Dual SIM","Unisoc T7200 Octa-core","batería 5000 mAh, Carga 10 W","\N","\N","\N","\N","Tipo C","https://expansiontecmye.pe/daavif/assets/equipos/celular/CEL_CODE-6902176147166_K-20260826162402.jpg","jpg","62404.0000","width: 642 x height: 757"
"97","LURIN","Equipo Celular","ZTE","BLADE A36","NEGRO","5G","64 GB","4 GB","Dual SIM","Unisoc T7200 Octa-core","batería 5000 mAh, Carga 10 W","\N","\N","\N","\N","Tipo C","https://expansiontecmye.pe/daavif/assets/equipos/celular/CEL_CODE-6902176147166_K-20260826162402.jpg","jpg","62404.0000","width: 642 x height: 757"
"28","CHOSICA","Equipo Celular","HONOR","X6C","BLANCO LUNAR ","4G","256 GB","6 GB","Dual SIM","MediaTek Helio G81 Ultra Octa-core","\N","\N","\N","\N","\N","Tipo C","https://expansiontecmye.pe/daavif/assets/equipos/celular/CEL_CODE-70065949_K-20260825224912.jpg","jpg","50270.0000","width: 660 x height: 798"
"79","CIENEGUILLA","Equipo Celular","XIAOMI","17T","NEGRO","5G","512 GB","12 GB","One SIM","MediaTek Dimensity 8500-Ultra Octa-core","\N","\N","\N","\N","\N","Tipo C","https://expansiontecmye.pe/daavif/assets/equipos/celular/CEL_CODE-6932554463816_K-20260826141640.jpg","jpg","64448.0000","width: 710 x height: 830"
"78","CHOSICA","Equipo Celular","XIAOMI","15T","MOCA","5G","512 GB","12 GB","One SIM","MediaTek Dimensity 9400+","\N","\N","\N","\N","\N","Tipo C","https://expansiontecmye.pe/daavif/assets/equipos/celular/CEL_CODE-6932554448004_K-20260826140820.jpg","jpg","58496.0000","width: 537 x height: 635"
"77","LURIN","Equipo Celular","XIAOMI","15T","LO ORO ROSA","5G","512 GB","12 GB","One SIM","MediaTek Dimensity 8400-Ultra Octa-core","\N","\N","\N","\N","\N","Tipo C","https://expansiontecmye.pe/daavif/assets/equipos/celular/CEL_CODE-6932554449360_K-20260826140357.jpg","jpg","88152.0000","width: 755 x height: 864"
"77","CIENEGUILLA","Equipo Celular","XIAOMI","15T","LO ORO ROSA","5G","512 GB","12 GB","One SIM","MediaTek Dimensity 8400-Ultra Octa-core","\N","\N","\N","\N","\N","Tipo C","https://expansiontecmye.pe/daavif/assets/equipos/celular/CEL_CODE-6932554449360_K-20260826140357.jpg","jpg","88152.0000","width: 755 x height: 864"
"100","CIENEGUILLA","Equipo Celular","HONOR","X6D","CIAN OCEANO","5G","256 GB","4 GB + 4 GB","One SIM","MediaTek Dimensity 6300 Octa-core","\N","\N","\N","\N","\N","Tipo C","https://expansiontecmye.pe/daavif/assets/equipos/celular/CEL_CODE-6936520889167_K-20260826204809.jpg","jpg","71063.0000","width: 691 x height: 833"
"100","LURIN","Equipo Celular","HONOR","X6D","CIAN OCEANO","5G","256 GB","4 GB + 4 GB","One SIM","MediaTek Dimensity 6300 Octa-core","\N","\N","\N","\N","\N","Tipo C","https://expansiontecmye.pe/daavif/assets/equipos/celular/CEL_CODE-6936520889167_K-20260826204809.jpg","jpg","71063.0000","width: 691 x height: 833"
"45","LURIN","Equipo Celular","MOTOROLA","MOTO G17","PANTONE BORDEAUX (ROSA)","4G LTE","256 GB","4 GB","One SIM","MediaTek Helio G81 Extreme Octa-core","Android 15","\N","\N","\N","\N","Tipo C","https://expansiontecmye.pe/daavif/assets/equipos/celular/CEL_CODE-840493613352_K-20260826083701.jpg","jpg","87957.0000","width: 698 x height: 861"
"66","CHOSICA","Equipo Celular","SAMSUNG","GALAXY A37","AWESOME CHARCOAL","5G","256 GB","8 GB","One SIM","Samsung Exynos 1480 Octa-core","\N","\N","\N","\N","\N","Tipo C","https://expansiontecmye.pe/daavif/assets/equipos/celular/CEL_CODE-8806099053734_K-20260826125136.jpg","jpg","56514.0000","width: 689 x height: 821"
"66","CIENEGUILLA","Equipo Celular","SAMSUNG","GALAXY A37","AWESOME CHARCOAL","5G","256 GB","8 GB","One SIM","Samsung Exynos 1480 Octa-core","\N","\N","\N","\N","\N","Tipo C","https://expansiontecmye.pe/daavif/assets/equipos/celular/CEL_CODE-8806099053734_K-20260826125136.jpg","jpg","56514.0000","width: 689 x height: 821"
"66","LURIN","Equipo Celular","SAMSUNG","GALAXY A37","AWESOME CHARCOAL","5G","256 GB","8 GB","One SIM","Samsung Exynos 1480 Octa-core","\N","\N","\N","\N","\N","Tipo C","https://expansiontecmye.pe/daavif/assets/equipos/celular/CEL_CODE-8806099053734_K-20260826125136.jpg","jpg","56514.0000","width: 689 x height: 821"
"66","LURIN","Equipo Celular","SAMSUNG","GALAXY A37","AWESOME CHARCOAL","5G","256 GB","8 GB","One SIM","Samsung Exynos 1480 Octa-core","\N","\N","\N","\N","\N","Tipo C","https://expansiontecmye.pe/daavif/assets/equipos/celular/CEL_CODE-8806099053734_K-20260826125136.jpg","jpg","56514.0000","width: 689 x height: 821"
"100","CHOSICA","Equipo Celular","HONOR","X6D","CIAN OCEANO","5G","256 GB","4 GB + 4 GB","One SIM","MediaTek Dimensity 6300 Octa-core","\N","\N","\N","\N","\N","Tipo C","https://expansiontecmye.pe/daavif/assets/equipos/celular/CEL_CODE-6936520889167_K-20260826204809.jpg","jpg","71063.0000","width: 691 x height: 833"
"67","CIENEGUILLA","Equipo Celular","SAMSUNG","GALAXY A37","LIGHT VIOLET","5G","256 GB","8 GB","One SIM","Samsung Exynos 1480 Octa-core","\N","\N","\N","\N","\N","Tipo C","https://expansiontecmye.pe/daavif/assets/equipos/celular/CEL_CODE-8806099053802_K-20260826125750.jpg","jpg","60135.0000","width: 674 x height: 810"
"70","LURIN","Equipo Celular","SAMSUNG","GALAXY A57","AWESOME NAVY","5G","256 GB","8 GB","One SIM","Samsung Exynos 1680 Octa-core","\N","\N","\N","\N","\N","Tipo C","https://expansiontecmye.pe/daavif/assets/equipos/celular/CEL_CODE-8806099050573_K-20260826132437.jpg","jpg","55883.0000","width: 655 x height: 791"
"66","CHOSICA","Equipo Celular","SAMSUNG","GALAXY A37","AWESOME CHARCOAL","5G","256 GB","8 GB","One SIM","Samsung Exynos 1480 Octa-core","\N","\N","\N","\N","\N","Tipo C","https://expansiontecmye.pe/daavif/assets/equipos/celular/CEL_CODE-8806099053734_K-20260826125136.jpg","jpg","56514.0000","width: 689 x height: 821"
"66","LURIN","Equipo Celular","SAMSUNG","GALAXY A37","AWESOME CHARCOAL","5G","256 GB","8 GB","One SIM","Samsung Exynos 1480 Octa-core","\N","\N","\N","\N","\N","Tipo C","https://expansiontecmye.pe/daavif/assets/equipos/celular/CEL_CODE-8806099053734_K-20260826125136.jpg","jpg","56514.0000","width: 689 x height: 821"
"70","CIENEGUILLA","Equipo Celular","SAMSUNG","GALAXY A57","AWESOME NAVY","5G","256 GB","8 GB","One SIM","Samsung Exynos 1680 Octa-core","\N","\N","\N","\N","\N","Tipo C","https://expansiontecmye.pe/daavif/assets/equipos/celular/CEL_CODE-8806099050573_K-20260826132437.jpg","jpg","55883.0000","width: 655 x height: 791"
"70","LURIN","Equipo Celular","SAMSUNG","GALAXY A57","AWESOME NAVY","5G","256 GB","8 GB","One SIM","Samsung Exynos 1680 Octa-core","\N","\N","\N","\N","\N","Tipo C","https://expansiontecmye.pe/daavif/assets/equipos/celular/CEL_CODE-8806099050573_K-20260826132437.jpg","jpg","55883.0000","width: 655 x height: 791"
"70","CIENEGUILLA","Equipo Celular","SAMSUNG","GALAXY A57","AWESOME NAVY","5G","256 GB","8 GB","One SIM","Samsung Exynos 1680 Octa-core","\N","\N","\N","\N","\N","Tipo C","https://expansiontecmye.pe/daavif/assets/equipos/celular/CEL_CODE-8806099050573_K-20260826132437.jpg","jpg","55883.0000","width: 655 x height: 791"
"70","CHOSICA","Equipo Celular","SAMSUNG","GALAXY A57","AWESOME NAVY","5G","256 GB","8 GB","One SIM","Samsung Exynos 1680 Octa-core","\N","\N","\N","\N","\N","Tipo C","https://expansiontecmye.pe/daavif/assets/equipos/celular/CEL_CODE-8806099050573_K-20260826132437.jpg","jpg","55883.0000","width: 655 x height: 791"
"70","CHOSICA","Equipo Celular","SAMSUNG","GALAXY A57","AWESOME NAVY","5G","256 GB","8 GB","One SIM","Samsung Exynos 1680 Octa-core","\N","\N","\N","\N","\N","Tipo C","https://expansiontecmye.pe/daavif/assets/equipos/celular/CEL_CODE-8806099050573_K-20260826132437.jpg","jpg","55883.0000","width: 655 x height: 791"
"70","CHOSICA","Equipo Celular","SAMSUNG","GALAXY A57","AWESOME NAVY","5G","256 GB","8 GB","One SIM","Samsung Exynos 1680 Octa-core","\N","\N","\N","\N","\N","Tipo C","https://expansiontecmye.pe/daavif/assets/equipos/celular/CEL_CODE-8806099050573_K-20260826132437.jpg","jpg","55883.0000","width: 655 x height: 791"
"69","CHOSICA","Equipo Celular","SAMSUNG","GALAXY A57","AWESOME NAVY","5G","512 GB","12 GB","One SIM","Samsung Exynos 1680 Octa-core","\N","\N","\N","\N","\N","Tipo C","https://expansiontecmye.pe/daavif/assets/equipos/celular/CEL_CODE-8806099050535_K-20260826131540.jpg","jpg","48439.0000","width: 663 x height: 797"
"69","CHOSICA","Equipo Celular","SAMSUNG","GALAXY A57","AWESOME NAVY","5G","512 GB","12 GB","One SIM","Samsung Exynos 1680 Octa-core","\N","\N","\N","\N","\N","Tipo C","https://expansiontecmye.pe/daavif/assets/equipos/celular/CEL_CODE-8806099050535_K-20260826131540.jpg","jpg","48439.0000","width: 663 x height: 797"
"69","CHOSICA","Equipo Celular","SAMSUNG","GALAXY A57","AWESOME NAVY","5G","512 GB","12 GB","One SIM","Samsung Exynos 1680 Octa-core","\N","\N","\N","\N","\N","Tipo C","https://expansiontecmye.pe/daavif/assets/equipos/celular/CEL_CODE-8806099050535_K-20260826131540.jpg","jpg","48439.0000","width: 663 x height: 797"
"69","CHOSICA","Equipo Celular","SAMSUNG","GALAXY A57","AWESOME NAVY","5G","512 GB","12 GB","One SIM","Samsung Exynos 1680 Octa-core","\N","\N","\N","\N","\N","Tipo C","https://expansiontecmye.pe/daavif/assets/equipos/celular/CEL_CODE-8806099050535_K-20260826131540.jpg","jpg","48439.0000","width: 663 x height: 797"
"66","CIENEGUILLA","Equipo Celular","SAMSUNG","GALAXY A37","AWESOME CHARCOAL","5G","256 GB","8 GB","One SIM","Samsung Exynos 1480 Octa-core","\N","\N","\N","\N","\N","Tipo C","https://expansiontecmye.pe/daavif/assets/equipos/celular/CEL_CODE-8806099053734_K-20260826125136.jpg","jpg","56514.0000","width: 689 x height: 821"
"66","LURIN","Equipo Celular","SAMSUNG","GALAXY A37","AWESOME CHARCOAL","5G","256 GB","8 GB","One SIM","Samsung Exynos 1480 Octa-core","\N","\N","\N","\N","\N","Tipo C","https://expansiontecmye.pe/daavif/assets/equipos/celular/CEL_CODE-8806099053734_K-20260826125136.jpg","jpg","56514.0000","width: 689 x height: 821"
"66","CIENEGUILLA","Equipo Celular","SAMSUNG","GALAXY A37","AWESOME CHARCOAL","5G","256 GB","8 GB","One SIM","Samsung Exynos 1480 Octa-core","\N","\N","\N","\N","\N","Tipo C","https://expansiontecmye.pe/daavif/assets/equipos/celular/CEL_CODE-8806099053734_K-20260826125136.jpg","jpg","56514.0000","width: 689 x height: 821"
"66","CHOSICA","Equipo Celular","SAMSUNG","GALAXY A37","AWESOME CHARCOAL","5G","256 GB","8 GB","One SIM","Samsung Exynos 1480 Octa-core","\N","\N","\N","\N","\N","Tipo C","https://expansiontecmye.pe/daavif/assets/equipos/celular/CEL_CODE-8806099053734_K-20260826125136.jpg","jpg","56514.0000","width: 689 x height: 821"
"61","CHOSICA","Equipo Celular","SAMSUNG","GALAXY A07","NEGRO","4G LTE","128 GB","4 GB","One SIM","MediaTek Helio G99 Octa-core","Android 15","\N","\N","\N","\N","Tipo C","https://expansiontecmye.pe/daavif/assets/equipos/celular/CEL_CODE-8806097661580_K-20260826110411.jpg","jpg","59745.0000","width: 603 x height: 735"
"61","CHOSICA","Equipo Celular","SAMSUNG","GALAXY A07","NEGRO","4G LTE","128 GB","4 GB","One SIM","MediaTek Helio G99 Octa-core","Android 15","\N","\N","\N","\N","Tipo C","https://expansiontecmye.pe/daavif/assets/equipos/celular/CEL_CODE-8806097661580_K-20260826110411.jpg","jpg","59745.0000","width: 603 x height: 735"
"61","CHOSICA","Equipo Celular","SAMSUNG","GALAXY A07","NEGRO","4G LTE","128 GB","4 GB","One SIM","MediaTek Helio G99 Octa-core","Android 15","\N","\N","\N","\N","Tipo C","https://expansiontecmye.pe/daavif/assets/equipos/celular/CEL_CODE-8806097661580_K-20260826110411.jpg","jpg","59745.0000","width: 603 x height: 735"
"61","LURIN","Equipo Celular","SAMSUNG","GALAXY A07","NEGRO","4G LTE","128 GB","4 GB","One SIM","MediaTek Helio G99 Octa-core","Android 15","\N","\N","\N","\N","Tipo C","https://expansiontecmye.pe/daavif/assets/equipos/celular/CEL_CODE-8806097661580_K-20260826110411.jpg","jpg","59745.0000","width: 603 x height: 735"
"68","CHOSICA","Equipo Celular","SAMSUNG","GALAXY A56","AWESOME GRAPHITE ","5G","256 GB","8 GB","One SIM","Samsung Exynos 1580 Octa-core","\N","\N","\N","\N","\N","Tipo C","https://expansiontecmye.pe/daavif/assets/equipos/celular/CEL_CODE-8806097047254_K-20260826130920.jpg","jpg","87689.0000","width: 781 x height: 853"
"68","CHOSICA","Equipo Celular","SAMSUNG","GALAXY A56","AWESOME GRAPHITE ","5G","256 GB","8 GB","One SIM","Samsung Exynos 1580 Octa-core","\N","\N","\N","\N","\N","Tipo C","https://expansiontecmye.pe/daavif/assets/equipos/celular/CEL_CODE-8806097047254_K-20260826130920.jpg","jpg","87689.0000","width: 781 x height: 853"
"68","CHOSICA","Equipo Celular","SAMSUNG","GALAXY A56","AWESOME GRAPHITE ","5G","256 GB","8 GB","One SIM","Samsung Exynos 1580 Octa-core","\N","\N","\N","\N","\N","Tipo C","https://expansiontecmye.pe/daavif/assets/equipos/celular/CEL_CODE-8806097047254_K-20260826130920.jpg","jpg","87689.0000","width: 781 x height: 853"
"68","CHOSICA","Equipo Celular","SAMSUNG","GALAXY A56","AWESOME GRAPHITE ","5G","256 GB","8 GB","One SIM","Samsung Exynos 1580 Octa-core","\N","\N","\N","\N","\N","Tipo C","https://expansiontecmye.pe/daavif/assets/equipos/celular/CEL_CODE-8806097047254_K-20260826130920.jpg","jpg","87689.0000","width: 781 x height: 853"
"68","CIENEGUILLA","Equipo Celular","SAMSUNG","GALAXY A56","AWESOME GRAPHITE ","5G","256 GB","8 GB","One SIM","Samsung Exynos 1580 Octa-core","\N","\N","\N","\N","\N","Tipo C","https://expansiontecmye.pe/daavif/assets/equipos/celular/CEL_CODE-8806097047254_K-20260826130920.jpg","jpg","87689.0000","width: 781 x height: 853"
"68","CHOSICA","Equipo Celular","SAMSUNG","GALAXY A56","AWESOME GRAPHITE ","5G","256 GB","8 GB","One SIM","Samsung Exynos 1580 Octa-core","\N","\N","\N","\N","\N","Tipo C","https://expansiontecmye.pe/daavif/assets/equipos/celular/CEL_CODE-8806097047254_K-20260826130920.jpg","jpg","87689.0000","width: 781 x height: 853"
"61","CHOSICA","Equipo Celular","SAMSUNG","GALAXY A07","NEGRO","4G LTE","128 GB","4 GB","One SIM","MediaTek Helio G99 Octa-core","Android 15","\N","\N","\N","\N","Tipo C","https://expansiontecmye.pe/daavif/assets/equipos/celular/CEL_CODE-8806097661580_K-20260826110411.jpg","jpg","59745.0000","width: 603 x height: 735"
"45","CIENEGUILLA","Equipo Celular","MOTOROLA","MOTO G17","PANTONE BORDEAUX (ROSA)","4G LTE","256 GB","4 GB","One SIM","MediaTek Helio G81 Extreme Octa-core","Android 15","\N","\N","\N","\N","Tipo C","https://expansiontecmye.pe/daavif/assets/equipos/celular/CEL_CODE-840493613352_K-20260826083701.jpg","jpg","87957.0000","width: 698 x height: 861"
"45","CHOSICA","Equipo Celular","MOTOROLA","MOTO G17","PANTONE BORDEAUX (ROSA)","4G LTE","256 GB","4 GB","One SIM","MediaTek Helio G81 Extreme Octa-core","Android 15","\N","\N","\N","\N","Tipo C","https://expansiontecmye.pe/daavif/assets/equipos/celular/CEL_CODE-840493613352_K-20260826083701.jpg","jpg","87957.0000","width: 698 x height: 861"
"45","CHOSICA","Equipo Celular","MOTOROLA","MOTO G17","PANTONE BORDEAUX (ROSA)","4G LTE","256 GB","4 GB","One SIM","MediaTek Helio G81 Extreme Octa-core","Android 15","\N","\N","\N","\N","Tipo C","https://expansiontecmye.pe/daavif/assets/equipos/celular/CEL_CODE-840493613352_K-20260826083701.jpg","jpg","87957.0000","width: 698 x height: 861"
"44","LURIN","Equipo Celular","MOTOROLA","MOTO G06","CAFÉ","4G LTE","256 GB","4 GB","One SIM","MediaTek Helio G81 Ultra Octa-core","Android 15","\N","\N","\N","\N","Tipo C","https://expansiontecmye.pe/daavif/assets/equipos/celular/CEL_CODE-840493610566_K-20260826082412.jpg","jpg","57067.0000","width: 638 x height: 795"
"65","CIENEGUILLA","Equipo Celular","SAMSUNG","GALAXY A36","NEGRO","5G","128 GB","6 GB","One SIM","Qualcomm Snapdragon 6 Octa-core","\N","\N","\N","\N","\N","Tipo C","https://expansiontecmye.pe/daavif/assets/equipos/celular/CEL_CODE-8806097048503_K-20260826124756.jpg","jpg","68893.0000","width: 684 x height: 870"
"65","CHOSICA","Equipo Celular","SAMSUNG","GALAXY A36","NEGRO","5G","128 GB","6 GB","One SIM","Qualcomm Snapdragon 6 Octa-core","\N","\N","\N","\N","\N","Tipo C","https://expansiontecmye.pe/daavif/assets/equipos/celular/CEL_CODE-8806097048503_K-20260826124756.jpg","jpg","68893.0000","width: 684 x height: 870"
"61","CHOSICA","Equipo Celular","SAMSUNG","GALAXY A07","NEGRO","4G LTE","128 GB","4 GB","One SIM","MediaTek Helio G99 Octa-core","Android 15","\N","\N","\N","\N","Tipo C","https://expansiontecmye.pe/daavif/assets/equipos/celular/CEL_CODE-8806097661580_K-20260826110411.jpg","jpg","59745.0000","width: 603 x height: 735"
"66","CHOSICA","Equipo Celular","SAMSUNG","GALAXY A37","AWESOME CHARCOAL","5G","256 GB","8 GB","One SIM","Samsung Exynos 1480 Octa-core","\N","\N","\N","\N","\N","Tipo C","https://expansiontecmye.pe/daavif/assets/equipos/celular/CEL_CODE-8806099053734_K-20260826125136.jpg","jpg","56514.0000","width: 689 x height: 821"
"71","CIENEGUILLA","Equipo Celular","SAMSUNG","GALAXY S25 FE","JETBLACK","5G","256 GB","8 GB","One SIM","Samsung Exynos 2400 Octa-Core","\N","\N","\N","\N","\N","Tipo C","https://expansiontecmye.pe/daavif/assets/equipos/celular/CEL_CODE-8806097660446_K-20260826133005.jpg","jpg","61198.0000","width: 729 x height: 869"
"60","CHOSICA","Equipo Celular","SAMSUNG","GALAXY A06","NEGRO","4G LTE","128 GB","4 GB","One SIM","MediaTek Helio G85 Octa-Core","Android 14","\N","\N","\N","\N","Tipo C","https://expansiontecmye.pe/daavif/assets/equipos/celular/CEL_CODE-8806095750835_K-20260826110002.jpg","jpg","68409.0000","width: 655 x height: 852"
"61","CHOSICA","Equipo Celular","SAMSUNG","GALAXY A07","NEGRO","4G LTE","128 GB","4 GB","One SIM","MediaTek Helio G99 Octa-core","Android 15","\N","\N","\N","\N","Tipo C","https://expansiontecmye.pe/daavif/assets/equipos/celular/CEL_CODE-8806097661580_K-20260826110411.jpg","jpg","59745.0000","width: 603 x height: 735"
"61","LURIN","Equipo Celular","SAMSUNG","GALAXY A07","NEGRO","4G LTE","128 GB","4 GB","One SIM","MediaTek Helio G99 Octa-core","Android 15","\N","\N","\N","\N","Tipo C","https://expansiontecmye.pe/daavif/assets/equipos/celular/CEL_CODE-8806097661580_K-20260826110411.jpg","jpg","59745.0000","width: 603 x height: 735"
"61","CIENEGUILLA","Equipo Celular","SAMSUNG","GALAXY A07","NEGRO","4G LTE","128 GB","4 GB","One SIM","MediaTek Helio G99 Octa-core","Android 15","\N","\N","\N","\N","Tipo C","https://expansiontecmye.pe/daavif/assets/equipos/celular/CEL_CODE-8806097661580_K-20260826110411.jpg","jpg","59745.0000","width: 603 x height: 735"
"44","CIENEGUILLA","Equipo Celular","MOTOROLA","MOTO G06","CAFÉ","4G LTE","256 GB","4 GB","One SIM","MediaTek Helio G81 Ultra Octa-core","Android 15","\N","\N","\N","\N","Tipo C","https://expansiontecmye.pe/daavif/assets/equipos/celular/CEL_CODE-840493610566_K-20260826082412.jpg","jpg","57067.0000","width: 638 x height: 795"
"87","CHOSICA","Equipo Celular","XIAOMI","REDMI NOTE 15","AZUL","5G","256 GB","8 GB","One SIM","Qualcomm Snapdragon 6 Octa-core","\N","\N","\N","\N","\N","Tipo C","https://expansiontecmye.pe/daavif/assets/equipos/celular/CEL_CODE-70069567_K-20260826154143.jpg","jpg","73803.0000","width: 732 x height: 865"
"87","LURIN","Equipo Celular","XIAOMI","REDMI NOTE 15","AZUL","5G","256 GB","8 GB","One SIM","Qualcomm Snapdragon 6 Octa-core","\N","\N","\N","\N","\N","Tipo C","https://expansiontecmye.pe/daavif/assets/equipos/celular/CEL_CODE-70069567_K-20260826154143.jpg","jpg","73803.0000","width: 732 x height: 865"
"87","CHOSICA","Equipo Celular","XIAOMI","REDMI NOTE 15","AZUL","5G","256 GB","8 GB","One SIM","Qualcomm Snapdragon 6 Octa-core","\N","\N","\N","\N","\N","Tipo C","https://expansiontecmye.pe/daavif/assets/equipos/celular/CEL_CODE-70069567_K-20260826154143.jpg","jpg","73803.0000","width: 732 x height: 865"
"66","CHOSICA","Equipo Celular","SAMSUNG","GALAXY A37","AWESOME CHARCOAL","5G","256 GB","8 GB","One SIM","Samsung Exynos 1480 Octa-core","\N","\N","\N","\N","\N","Tipo C","https://expansiontecmye.pe/daavif/assets/equipos/celular/CEL_CODE-8806099053734_K-20260826125136.jpg","jpg","56514.0000","width: 689 x height: 821"
"80","CHOSICA","Equipo Celular","XIAOMI","REDMI 15","NEGRO","5G","256 GB","8 GB + 8 GB","One SIM","Qualcomm Snapdragon 685 Octa-core","\N","\N","\N","\N","\N","Tipo C","https://expansiontecmye.pe/daavif/assets/equipos/celular/CEL_CODE-6932554445065_K-20260826142232.jpg","jpg","67587.0000","width: 679 x height: 792"
"66","CHOSICA","Equipo Celular","SAMSUNG","GALAXY A37","AWESOME CHARCOAL","5G","256 GB","8 GB","One SIM","Samsung Exynos 1480 Octa-core","\N","\N","\N","\N","\N","Tipo C","https://expansiontecmye.pe/daavif/assets/equipos/celular/CEL_CODE-8806099053734_K-20260826125136.jpg","jpg","56514.0000","width: 689 x height: 821"
"80","CHOSICA","Equipo Celular","XIAOMI","REDMI 15","NEGRO","5G","256 GB","8 GB + 8 GB","One SIM","Qualcomm Snapdragon 685 Octa-core","\N","\N","\N","\N","\N","Tipo C","https://expansiontecmye.pe/daavif/assets/equipos/celular/CEL_CODE-6932554445065_K-20260826142232.jpg","jpg","67587.0000","width: 679 x height: 792"
"82","CIENEGUILLA","Equipo Celular","XIAOMI","REDMI 15","NEGRO","5G","256 GB","8 GB","One SIM","Qualcomm Snapdragon 685 Octa-core","\N","\N","\N","\N","\N","Tipo C","https://expansiontecmye.pe/daavif/assets/equipos/celular/CEL_CODE-6932554445027_K-20260826145108.jpg","jpg","67529.0000","width: 678 x height: 796"
"27","CHOSICA","Equipo Celular","HONOR","X5D","NEGRO MEDIANOCHE","4G LTE","256 GB","4 GB","One SIM","MediaTek Helio G81 Octa-core","\N","\N","\N","\N","\N","Tipo C","https://expansiontecmye.pe/daavif/assets/equipos/celular/CEL_CODE-70072419_K-20260825224534.jpg","jpg","36695.0000","width: 496 x height: 555"
"27","LURIN","Equipo Celular","HONOR","X5D","NEGRO MEDIANOCHE","4G LTE","256 GB","4 GB","One SIM","MediaTek Helio G81 Octa-core","\N","\N","\N","\N","\N","Tipo C","https://expansiontecmye.pe/daavif/assets/equipos/celular/CEL_CODE-70072419_K-20260825224534.jpg","jpg","36695.0000","width: 496 x height: 555"
"27","CHOSICA","Equipo Celular","HONOR","X5D","NEGRO MEDIANOCHE","4G LTE","256 GB","4 GB","One SIM","MediaTek Helio G81 Octa-core","\N","\N","\N","\N","\N","Tipo C","https://expansiontecmye.pe/daavif/assets/equipos/celular/CEL_CODE-70072419_K-20260825224534.jpg","jpg","36695.0000","width: 496 x height: 555"
"87","CHOSICA","Equipo Celular","XIAOMI","REDMI NOTE 15","AZUL","5G","256 GB","8 GB","One SIM","Qualcomm Snapdragon 6 Octa-core","\N","\N","\N","\N","\N","Tipo C","https://expansiontecmye.pe/daavif/assets/equipos/celular/CEL_CODE-70069567_K-20260826154143.jpg","jpg","73803.0000","width: 732 x height: 865"
"80","CHOSICA","Equipo Celular","XIAOMI","REDMI 15","NEGRO","5G","256 GB","8 GB + 8 GB","One SIM","Qualcomm Snapdragon 685 Octa-core","\N","\N","\N","\N","\N","Tipo C","https://expansiontecmye.pe/daavif/assets/equipos/celular/CEL_CODE-6932554445065_K-20260826142232.jpg","jpg","67587.0000","width: 679 x height: 792"
"81","LURIN","Equipo Celular","XIAOMI","REDMI 15","GRIS","5G","256 GB","8 GB","One SIM","Qualcomm Snapdragon 685 Octa-core","\N","\N","\N","\N","\N","Tipo C","https://expansiontecmye.pe/daavif/assets/equipos/celular/CEL_CODE-6932554449681_K-20260826144614.jpg","jpg","69603.0000","width: 656 x height: 759"
"27","CHOSICA","Equipo Celular","HONOR","X5D","NEGRO MEDIANOCHE","4G LTE","256 GB","4 GB","One SIM","MediaTek Helio G81 Octa-core","\N","\N","\N","\N","\N","Tipo C","https://expansiontecmye.pe/daavif/assets/equipos/celular/CEL_CODE-70072419_K-20260825224534.jpg","jpg","36695.0000","width: 496 x height: 555"
"27","CHOSICA","Equipo Celular","HONOR","X5D","NEGRO MEDIANOCHE","4G LTE","256 GB","4 GB","One SIM","MediaTek Helio G81 Octa-core","\N","\N","\N","\N","\N","Tipo C","https://expansiontecmye.pe/daavif/assets/equipos/celular/CEL_CODE-70072419_K-20260825224534.jpg","jpg","36695.0000","width: 496 x height: 555"
"81","CIENEGUILLA","Equipo Celular","XIAOMI","REDMI 15","GRIS","5G","256 GB","8 GB","One SIM","Qualcomm Snapdragon 685 Octa-core","\N","\N","\N","\N","\N","Tipo C","https://expansiontecmye.pe/daavif/assets/equipos/celular/CEL_CODE-6932554449681_K-20260826144614.jpg","jpg","69603.0000","width: 656 x height: 759"
"85","CHOSICA","Equipo Celular","XIAOMI","REDMI A7 PRO","NEGRO","4G LTE","128 GB","4 GB","Dual SIM","Unisoc T7250 Octa-Core","\N","\N","\N","\N","\N","Tipo C","https://expansiontecmye.pe/daavif/assets/equipos/celular/CEL_CODE-6932554493493_K-20260826150611.jpg","jpg","92990.0000","width: 760 x height: 862"
"85","CHOSICA","Equipo Celular","XIAOMI","REDMI A7 PRO","NEGRO","4G LTE","128 GB","4 GB","Dual SIM","Unisoc T7250 Octa-Core","\N","\N","\N","\N","\N","Tipo C","https://expansiontecmye.pe/daavif/assets/equipos/celular/CEL_CODE-6932554493493_K-20260826150611.jpg","jpg","92990.0000","width: 760 x height: 862"
"85","CHOSICA","Equipo Celular","XIAOMI","REDMI A7 PRO","NEGRO","4G LTE","128 GB","4 GB","Dual SIM","Unisoc T7250 Octa-Core","\N","\N","\N","\N","\N","Tipo C","https://expansiontecmye.pe/daavif/assets/equipos/celular/CEL_CODE-6932554493493_K-20260826150611.jpg","jpg","92990.0000","width: 760 x height: 862"
"85","CHOSICA","Equipo Celular","XIAOMI","REDMI A7 PRO","NEGRO","4G LTE","128 GB","4 GB","Dual SIM","Unisoc T7250 Octa-Core","\N","\N","\N","\N","\N","Tipo C","https://expansiontecmye.pe/daavif/assets/equipos/celular/CEL_CODE-6932554493493_K-20260826150611.jpg","jpg","92990.0000","width: 760 x height: 862"
"85","CHOSICA","Equipo Celular","XIAOMI","REDMI A7 PRO","NEGRO","4G LTE","128 GB","4 GB","Dual SIM","Unisoc T7250 Octa-Core","\N","\N","\N","\N","\N","Tipo C","https://expansiontecmye.pe/daavif/assets/equipos/celular/CEL_CODE-6932554493493_K-20260826150611.jpg","jpg","92990.0000","width: 760 x height: 862"
"102","CHOSICA","Equipo Celular","XIAOMI","15T PRO","PZ","5G","512 GB","12 GB","Dual SIM","MediaTek Dimensity 9400+","\N","\N","\N","\N","\N","Tipo C","https://expansiontecmye.pe/daavif/assets/equipos/celular/CEL_CODE-6932554448264_K-20260827101040.jpg","jpg","103015.0000","width: 714 x height: 871"
"108","CHOSICA","Equipo Celular","XIAOMI","15T PRO","MOCA","5G","512 GB","12 GB","Dual SIM","MediaTek Dimensity 9400+","\N","\N","\N","\N","\N","Tipo C","https://expansiontecmye.pe/daavif/assets/equipos/celular/CEL_CODE-6932554447649_K-20260831161338.jpg","jpg","110444.0000","width: 780 x height: 932"
"107","CHOSICA","Equipo Celular","XIAOMI","15T","NEGRO","5G","512 GB","12 GB","Dual SIM","MediaTek Dimensity 8400-Ultra Octa-core","\N","\N","\N","\N","\N","Tipo C","https://expansiontecmye.pe/daavif/assets/equipos/celular/CEL_CODE-6932554449001_K-20260831155841.jpg","jpg","61032.0000","width: 779 x height: 929"
"106","CHOSICA","Equipo Celular","HONOR","600","DORADO PLATINO","5G","512 GB","8 GB","Dual SIM","Qualcomm Snapdragon 7","\N","\N","\N","\N","\N","Tipo C","https://expansiontecmye.pe/daavif/assets/equipos/celular/CEL_CODE-6942785101685_K-20260831153130.jpg","jpg","69988.0000","width: 659 x height: 903"
"105","CHOSICA","Equipo Celular","HONOR","400 LITE","NEGRO NOCTURNO","5G","256 GB","8 GB","Dual SIM","MediaTek Dimensity 7025-Ultra Octa-core","\N","\N","\N","\N","\N","Tipo C","https://expansiontecmye.pe/daavif/assets/equipos/celular/CEL_CODE-6936520866151_K-20260831151104.jpg","jpg","64510.0000","width: 768 x height: 921"
"97","CIENEGUILLA","Equipo Celular","ZTE","BLADE A36","NEGRO","5G","64 GB","4 GB","Dual SIM","Unisoc T7200 Octa-core","batería 5000 mAh, Carga 10 W","\N","\N","\N","\N","Tipo C","https://expansiontecmye.pe/daavif/assets/equipos/celular/CEL_CODE-6902176147166_K-20260826162402.jpg","jpg","62404.0000","width: 642 x height: 757"
"97","CIENEGUILLA","Equipo Celular","ZTE","BLADE A36","NEGRO","5G","64 GB","4 GB","Dual SIM","Unisoc T7200 Octa-core","batería 5000 mAh, Carga 10 W","\N","\N","\N","\N","Tipo C","https://expansiontecmye.pe/daavif/assets/equipos/celular/CEL_CODE-6902176147166_K-20260826162402.jpg","jpg","62404.0000","width: 642 x height: 757"
"97","CHOSICA","Equipo Celular","ZTE","BLADE A36","NEGRO","5G","64 GB","4 GB","Dual SIM","Unisoc T7200 Octa-core","batería 5000 mAh, Carga 10 W","\N","\N","\N","\N","Tipo C","https://expansiontecmye.pe/daavif/assets/equipos/celular/CEL_CODE-6902176147166_K-20260826162402.jpg","jpg","62404.0000","width: 642 x height: 757"
"97","CHOSICA","Equipo Celular","ZTE","BLADE A36","NEGRO","5G","64 GB","4 GB","Dual SIM","Unisoc T7200 Octa-core","batería 5000 mAh, Carga 10 W","\N","\N","\N","\N","Tipo C","https://expansiontecmye.pe/daavif/assets/equipos/celular/CEL_CODE-6902176147166_K-20260826162402.jpg","jpg","62404.0000","width: 642 x height: 757"
"97","CHOSICA","Equipo Celular","ZTE","BLADE A36","NEGRO","5G","64 GB","4 GB","Dual SIM","Unisoc T7200 Octa-core","batería 5000 mAh, Carga 10 W","\N","\N","\N","\N","Tipo C","https://expansiontecmye.pe/daavif/assets/equipos/celular/CEL_CODE-6902176147166_K-20260826162402.jpg","jpg","62404.0000","width: 642 x height: 757"
"97","CHOSICA","Equipo Celular","ZTE","BLADE A36","NEGRO","5G","64 GB","4 GB","Dual SIM","Unisoc T7200 Octa-core","batería 5000 mAh, Carga 10 W","\N","\N","\N","\N","Tipo C","https://expansiontecmye.pe/daavif/assets/equipos/celular/CEL_CODE-6902176147166_K-20260826162402.jpg","jpg","62404.0000","width: 642 x height: 757"
"97","CHOSICA","Equipo Celular","ZTE","BLADE A36","NEGRO","5G","64 GB","4 GB","Dual SIM","Unisoc T7200 Octa-core","batería 5000 mAh, Carga 10 W","\N","\N","\N","\N","Tipo C","https://expansiontecmye.pe/daavif/assets/equipos/celular/CEL_CODE-6902176147166_K-20260826162402.jpg","jpg","62404.0000","width: 642 x height: 757"
"63","CIENEGUILLA","Equipo Celular","SAMSUNG","GALAXY A17","NEGRO","5G","128 GB","4 GB","Dual SIM","Samsung Exynos 1330","\N","\N","\N","\N","\N","Tipo C","https://expansiontecmye.pe/daavif/assets/equipos/celular/CEL_CODE-8806097892328_K-20260826111406.jpg","jpg","65433.0000","width: 720 x height: 862"
"63","CHOSICA","Equipo Celular","SAMSUNG","GALAXY A17","NEGRO","5G","128 GB","4 GB","Dual SIM","Samsung Exynos 1330","\N","\N","\N","\N","\N","Tipo C","https://expansiontecmye.pe/daavif/assets/equipos/celular/CEL_CODE-8806097892328_K-20260826111406.jpg","jpg","65433.0000","width: 720 x height: 862"
"63","CHOSICA","Equipo Celular","SAMSUNG","GALAXY A17","NEGRO","5G","128 GB","4 GB","Dual SIM","Samsung Exynos 1330","\N","\N","\N","\N","\N","Tipo C","https://expansiontecmye.pe/daavif/assets/equipos/celular/CEL_CODE-8806097892328_K-20260826111406.jpg","jpg","65433.0000","width: 720 x height: 862"
"63","CHOSICA","Equipo Celular","SAMSUNG","GALAXY A17","NEGRO","5G","128 GB","4 GB","Dual SIM","Samsung Exynos 1330","\N","\N","\N","\N","\N","Tipo C","https://expansiontecmye.pe/daavif/assets/equipos/celular/CEL_CODE-8806097892328_K-20260826111406.jpg","jpg","65433.0000","width: 720 x height: 862"
"63","CIENEGUILLA","Equipo Celular","SAMSUNG","GALAXY A17","NEGRO","5G","128 GB","4 GB","Dual SIM","Samsung Exynos 1330","\N","\N","\N","\N","\N","Tipo C","https://expansiontecmye.pe/daavif/assets/equipos/celular/CEL_CODE-8806097892328_K-20260826111406.jpg","jpg","65433.0000","width: 720 x height: 862"
"63","CIENEGUILLA","Equipo Celular","SAMSUNG","GALAXY A17","NEGRO","5G","128 GB","4 GB","Dual SIM","Samsung Exynos 1330","\N","\N","\N","\N","\N","Tipo C","https://expansiontecmye.pe/daavif/assets/equipos/celular/CEL_CODE-8806097892328_K-20260826111406.jpg","jpg","65433.0000","width: 720 x height: 862"
"63","CHOSICA","Equipo Celular","SAMSUNG","GALAXY A17","NEGRO","5G","128 GB","4 GB","Dual SIM","Samsung Exynos 1330","\N","\N","\N","\N","\N","Tipo C","https://expansiontecmye.pe/daavif/assets/equipos/celular/CEL_CODE-8806097892328_K-20260826111406.jpg","jpg","65433.0000","width: 720 x height: 862"
"63","CHOSICA","Equipo Celular","SAMSUNG","GALAXY A17","NEGRO","5G","128 GB","4 GB","Dual SIM","Samsung Exynos 1330","\N","\N","\N","\N","\N","Tipo C","https://expansiontecmye.pe/daavif/assets/equipos/celular/CEL_CODE-8806097892328_K-20260826111406.jpg","jpg","65433.0000","width: 720 x height: 862"
"63","CHOSICA","Equipo Celular","SAMSUNG","GALAXY A17","NEGRO","5G","128 GB","4 GB","Dual SIM","Samsung Exynos 1330","\N","\N","\N","\N","\N","Tipo C","https://expansiontecmye.pe/daavif/assets/equipos/celular/CEL_CODE-8806097892328_K-20260826111406.jpg","jpg","65433.0000","width: 720 x height: 862"
"90","CHOSICA","Equipo Celular","XIAOMI","REDMI NOTE 15 PRO+","MOCA","5G","512 GB","12 GB","Dual SIM","Qualcomm Snapdragon 7s Octa-core","\N","\N","\N","\N","\N","Tipo C","https://expansiontecmye.pe/daavif/assets/equipos/celular/CEL_CODE-6932554490386_K-20260826155625.jpg","jpg","168371.0000","width: 772 x height: 884"
"90","CHOSICA","Equipo Celular","XIAOMI","REDMI NOTE 15 PRO+","MOCA","5G","512 GB","12 GB","Dual SIM","Qualcomm Snapdragon 7s Octa-core","\N","\N","\N","\N","\N","Tipo C","https://expansiontecmye.pe/daavif/assets/equipos/celular/CEL_CODE-6932554490386_K-20260826155625.jpg","jpg","168371.0000","width: 772 x height: 884"
"93","CIENEGUILLA","Equipo Celular","XIAOMI","REDMI NOTE 15 PRO","TT TITANIO","5G","512 GB","8 GB","Dual SIM","MediaTek Dimensity 7400-Ultra Octa-core","\N","\N","\N","\N","\N","Tipo C","https://expansiontecmye.pe/daavif/assets/equipos/celular/CEL_CODE-6932554478629_K-20260826160827.jpg","jpg","75894.0000","width: 729 x height: 871"
"93","CHOSICA","Equipo Celular","XIAOMI","REDMI NOTE 15 PRO","TT TITANIO","5G","512 GB","8 GB","Dual SIM","MediaTek Dimensity 7400-Ultra Octa-core","\N","\N","\N","\N","\N","Tipo C","https://expansiontecmye.pe/daavif/assets/equipos/celular/CEL_CODE-6932554478629_K-20260826160827.jpg","jpg","75894.0000","width: 729 x height: 871"
"93","CHOSICA","Equipo Celular","XIAOMI","REDMI NOTE 15 PRO","TT TITANIO","5G","512 GB","8 GB","Dual SIM","MediaTek Dimensity 7400-Ultra Octa-core","\N","\N","\N","\N","\N","Tipo C","https://expansiontecmye.pe/daavif/assets/equipos/celular/CEL_CODE-6932554478629_K-20260826160827.jpg","jpg","75894.0000","width: 729 x height: 871"
"97","CHOSICA","Equipo Celular","ZTE","BLADE A36","NEGRO","5G","64 GB","4 GB","Dual SIM","Unisoc T7200 Octa-core","batería 5000 mAh, Carga 10 W","\N","\N","\N","\N","Tipo C","https://expansiontecmye.pe/daavif/assets/equipos/celular/CEL_CODE-6902176147166_K-20260826162402.jpg","jpg","62404.0000","width: 642 x height: 757"
"97","LURIN","Equipo Celular","ZTE","BLADE A36","NEGRO","5G","64 GB","4 GB","Dual SIM","Unisoc T7200 Octa-core","batería 5000 mAh, Carga 10 W","\N","\N","\N","\N","Tipo C","https://expansiontecmye.pe/daavif/assets/equipos/celular/CEL_CODE-6902176147166_K-20260826162402.jpg","jpg","62404.0000","width: 642 x height: 757"
"97","LURIN","Equipo Celular","ZTE","BLADE A36","NEGRO","5G","64 GB","4 GB","Dual SIM","Unisoc T7200 Octa-core","batería 5000 mAh, Carga 10 W","\N","\N","\N","\N","Tipo C","https://expansiontecmye.pe/daavif/assets/equipos/celular/CEL_CODE-6902176147166_K-20260826162402.jpg","jpg","62404.0000","width: 642 x height: 757"
"64","LURIN","Equipo Celular","SAMSUNG","GALAXY A27","BLACK","5G","256 GB","8 GB","Dual SIM","Qualcomm Snapdragon 6 Octa-core","\N","\N","\N","\N","\N","Tipo C","https://expansiontecmye.pe/daavif/assets/equipos/celular/CEL_CODE-8806099360900_K-20260826112110.jpg","jpg","98423.0000","width: 517 x height: 764"
"63","LURIN","Equipo Celular","SAMSUNG","GALAXY A17","NEGRO","5G","128 GB","4 GB","Dual SIM","Samsung Exynos 1330","\N","\N","\N","\N","\N","Tipo C","https://expansiontecmye.pe/daavif/assets/equipos/celular/CEL_CODE-8806097892328_K-20260826111406.jpg","jpg","65433.0000","width: 720 x height: 862"
"63","LURIN","Equipo Celular","SAMSUNG","GALAXY A17","NEGRO","5G","128 GB","4 GB","Dual SIM","Samsung Exynos 1330","\N","\N","\N","\N","\N","Tipo C","https://expansiontecmye.pe/daavif/assets/equipos/celular/CEL_CODE-8806097892328_K-20260826111406.jpg","jpg","65433.0000","width: 720 x height: 862"
"63","CHOSICA","Equipo Celular","SAMSUNG","GALAXY A17","NEGRO","5G","128 GB","4 GB","Dual SIM","Samsung Exynos 1330","\N","\N","\N","\N","\N","Tipo C","https://expansiontecmye.pe/daavif/assets/equipos/celular/CEL_CODE-8806097892328_K-20260826111406.jpg","jpg","65433.0000","width: 720 x height: 862"
"63","CHOSICA","Equipo Celular","SAMSUNG","GALAXY A17","NEGRO","5G","128 GB","4 GB","Dual SIM","Samsung Exynos 1330","\N","\N","\N","\N","\N","Tipo C","https://expansiontecmye.pe/daavif/assets/equipos/celular/CEL_CODE-8806097892328_K-20260826111406.jpg","jpg","65433.0000","width: 720 x height: 862"
"89","CHOSICA","Equipo Celular","XIAOMI","REDMI NOTE 15","NEGRO","5G","256 GB","8 GB","Dual SIM","Qualcomm Snapdragon 6 Octa-core","\N","\N","\N","\N","\N","Tipo C","https://expansiontecmye.pe/daavif/assets/equipos/celular/CEL_CODE-70069566_K-20260826155152.jpg","jpg","82818.0000","width: 732 x height: 860"
"28","LURIN","Equipo Celular","HONOR","X6C","BLANCO LUNAR ","4G","256 GB","6 GB","Dual SIM","MediaTek Helio G81 Ultra Octa-core","\N","\N","\N","\N","\N","Tipo C","https://expansiontecmye.pe/daavif/assets/equipos/celular/CEL_CODE-70065949_K-20260825224912.jpg","jpg","50270.0000","width: 660 x height: 798"
"28","CIENEGUILLA","Equipo Celular","HONOR","X6C","BLANCO LUNAR ","4G","256 GB","6 GB","Dual SIM","MediaTek Helio G81 Ultra Octa-core","\N","\N","\N","\N","\N","Tipo C","https://expansiontecmye.pe/daavif/assets/equipos/celular/CEL_CODE-70065949_K-20260825224912.jpg","jpg","50270.0000","width: 660 x height: 798"
"28","CIENEGUILLA","Equipo Celular","HONOR","X6C","BLANCO LUNAR ","4G","256 GB","6 GB","Dual SIM","MediaTek Helio G81 Ultra Octa-core","\N","\N","\N","\N","\N","Tipo C","https://expansiontecmye.pe/daavif/assets/equipos/celular/CEL_CODE-70065949_K-20260825224912.jpg","jpg","50270.0000","width: 660 x height: 798"
"28","CHOSICA","Equipo Celular","HONOR","X6C","BLANCO LUNAR ","4G","256 GB","6 GB","Dual SIM","MediaTek Helio G81 Ultra Octa-core","\N","\N","\N","\N","\N","Tipo C","https://expansiontecmye.pe/daavif/assets/equipos/celular/CEL_CODE-70065949_K-20260825224912.jpg","jpg","50270.0000","width: 660 x height: 798"
"84","LURIN","Equipo Celular","XIAOMI","REDMI 15C","NEGRO","4G LTE","256 GB","4 GB","Dual SIM","MediaTek Helio G81 Ultra Octa-core","\N","\N","\N","\N","\N","Tipo C","https://expansiontecmye.pe/daavif/assets/equipos/celular/CEL_CODE-70066086_K-20260826150222.jpg","jpg","86716.0000","width: 619 x height: 842"
"84","LURIN","Equipo Celular","XIAOMI","REDMI 15C","NEGRO","4G LTE","256 GB","4 GB","Dual SIM","MediaTek Helio G81 Ultra Octa-core","\N","\N","\N","\N","\N","Tipo C","https://expansiontecmye.pe/daavif/assets/equipos/celular/CEL_CODE-70066086_K-20260826150222.jpg","jpg","86716.0000","width: 619 x height: 842"
"85","CHOSICA","Equipo Celular","XIAOMI","REDMI A7 PRO","NEGRO","4G LTE","128 GB","4 GB","Dual SIM","Unisoc T7250 Octa-Core","\N","\N","\N","\N","\N","Tipo C","https://expansiontecmye.pe/daavif/assets/equipos/celular/CEL_CODE-6932554493493_K-20260826150611.jpg","jpg","92990.0000","width: 760 x height: 862"
"85","CHOSICA","Equipo Celular","XIAOMI","REDMI A7 PRO","NEGRO","4G LTE","128 GB","4 GB","Dual SIM","Unisoc T7250 Octa-Core","\N","\N","\N","\N","\N","Tipo C","https://expansiontecmye.pe/daavif/assets/equipos/celular/CEL_CODE-6932554493493_K-20260826150611.jpg","jpg","92990.0000","width: 760 x height: 862"
"104","CHOSICA","Equipo Celular","XIAOMI","REDMI 15C","AZUL","4G","256 GB","8 GB","Dual SIM","MediaTek Helio G81 Ultra Octa-core","\N","\N","\N","\N","\N","Tipo C","https://expansiontecmye.pe/daavif/assets/equipos/celular/CEL_CODE-70065936_K-20260827144509.jpg","jpg","85624.0000","width: 659 x height: 866"
"92","CIENEGUILLA","Equipo Celular","XIAOMI","REDMI NOTE 15 PRO","TT TITANIO","5G","512 GB","12 GB","Dual SIM","MediaTek Dimensity 7400-Ultra Octa-core","eSIM","\N","\N","\N","\N","Tipo C","https://expansiontecmye.pe/daavif/assets/equipos/celular/CEL_CODE-6932554485153_K-20260826160639.jpg","jpg","75894.0000","width: 729 x height: 871"
"92","CHOSICA","Equipo Celular","XIAOMI","REDMI NOTE 15 PRO","TT TITANIO","5G","512 GB","12 GB","Dual SIM","MediaTek Dimensity 7400-Ultra Octa-core","eSIM","\N","\N","\N","\N","Tipo C","https://expansiontecmye.pe/daavif/assets/equipos/celular/CEL_CODE-6932554485153_K-20260826160639.jpg","jpg","75894.0000","width: 729 x height: 871"
"91","CHOSICA","Equipo Celular","XIAOMI","REDMI NOTE 15 PRO","NEGRO","5G","512 GB","12 GB","Dual SIM","MediaTek Dimensity 7400-Ultra Octa-core","\N","\N","\N","\N","\N","Tipo C","https://expansiontecmye.pe/daavif/assets/equipos/celular/CEL_CODE-6932554478445_K-20260826160040.jpg","jpg","104764.0000","width: 879 x height: 880"
"88","LURIN","Equipo Celular","XIAOMI","REDMI NOTE 15","NEGRO","5G","256 GB","8 GB","Dual SIM","Qualcomm Snapdragon 6 Octa-core","\N","\N","\N","\N","\N","Tipo C","https://expansiontecmye.pe/daavif/assets/equipos/celular/CEL_CODE-6932554469375_K-20260826154933.jpg","jpg","82818.0000","width: 732 x height: 860"
"88","CIENEGUILLA","Equipo Celular","XIAOMI","REDMI NOTE 15","NEGRO","5G","256 GB","8 GB","Dual SIM","Qualcomm Snapdragon 6 Octa-core","\N","\N","\N","\N","\N","Tipo C","https://expansiontecmye.pe/daavif/assets/equipos/celular/CEL_CODE-6932554469375_K-20260826154933.jpg","jpg","82818.0000","width: 732 x height: 860"
"88","CIENEGUILLA","Equipo Celular","XIAOMI","REDMI NOTE 15","NEGRO","5G","256 GB","8 GB","Dual SIM","Qualcomm Snapdragon 6 Octa-core","\N","\N","\N","\N","\N","Tipo C","https://expansiontecmye.pe/daavif/assets/equipos/celular/CEL_CODE-6932554469375_K-20260826154933.jpg","jpg","82818.0000","width: 732 x height: 860"
"73","CHOSICA","Equipo Celular","UNONU","BOX 2G QUAD-BAND","BLACK","2G","32 MB","32 MB","Dual SIM","\N","RADIO FM, BATERIA 800 mAh, BLUETOOTH","\N","\N","\N","\N","Micro USB","https://expansiontecmye.pe/daavif/assets/equipos/celular/CEL_CODE-810039955789_K-20260826134304.jpg","jpg","55435.0000","width: 477 x height: 695"
"48","CHOSICA","Equipo Celular","NOKIA","105 HMD","BLUE","2G","4 MB","4 MB","Dual SIM","\N","REPRODUCTOR MP3 y MP4, RADIO FM INALAMBRICA, BATERIA 1000 mAh, LINTERNA","\N","\N","\N","\N","Micro USB","https://expansiontecmye.pe/daavif/assets/equipos/celular/CEL_CODE-NOKIA105HMDBLUE_K-20260826094040.jpg","jpg","84419.0000","width: 652 x height: 861"
"76","CHOSICA","Equipo Celular","UNONU","SPEED 2G QUAD-BAND","BLACK","2G","32 MB","32 MB","Dual SIM","\N","BLUETOOTH, RADIO FM, BATERIA 1800 mAh","\N","\N","\N","\N","Micro USB","https://expansiontecmye.pe/daavif/assets/equipos/celular/CEL_CODE-810039955796_K-20260826140057.jpg","jpg","63411.0000","width: 594 x height: 867"
"76","CHOSICA","Equipo Celular","UNONU","SPEED 2G QUAD-BAND","BLACK","2G","32 MB","32 MB","Dual SIM","\N","BLUETOOTH, RADIO FM, BATERIA 1800 mAh","\N","\N","\N","\N","Micro USB","https://expansiontecmye.pe/daavif/assets/equipos/celular/CEL_CODE-810039955796_K-20260826140057.jpg","jpg","63411.0000","width: 594 x height: 867"
"73","CHOSICA","Equipo Celular","UNONU","BOX 2G QUAD-BAND","BLACK","2G","32 MB","32 MB","Dual SIM","\N","RADIO FM, BATERIA 800 mAh, BLUETOOTH","\N","\N","\N","\N","Micro USB","https://expansiontecmye.pe/daavif/assets/equipos/celular/CEL_CODE-810039955789_K-20260826134304.jpg","jpg","55435.0000","width: 477 x height: 695"
"76","CHOSICA","Equipo Celular","UNONU","SPEED 2G QUAD-BAND","BLACK","2G","32 MB","32 MB","Dual SIM","\N","BLUETOOTH, RADIO FM, BATERIA 1800 mAh","\N","\N","\N","\N","Micro USB","https://expansiontecmye.pe/daavif/assets/equipos/celular/CEL_CODE-810039955796_K-20260826140057.jpg","jpg","63411.0000","width: 594 x height: 867"
"58","\N","Router IFI","HUAWEI","B612-533","BLANCO","\N","\N","\N","One SIM","\N","4G LTE Cat6, Banda 2.4 GHz, 4 puertos LAN/WAN Gigabit, 1 puerto RJ11, Soporta 32 conectados, Menor a 12 W","\N","\N","\N","\N","Corriente Alterna","https://expansiontecmye.pe/daavif/assets/equipos/router_ifi/IFI_CODE-IFI_K-20260826105149.jpg","jpg","25016.0000","width: 696 x height: 856"
"99","\N","Router OLO","ZTE","MF937","BLANCO","\N","\N","\N","One SIM","\N","batería recargable 2000 mAh, Soporta 10 a 16 dispositivos conectados","\N","\N","\N","\N","Corriente Alterna","https://expansiontecmye.pe/daavif/assets/equipos/router_olo/OLO_CODE-6902176117671_K-20260826163256.jpg","jpg","22996.0000","width: 789 x height: 521"
"75","CHOSICA","Equipo Celular","UNONU","QUEST 2G QUAD-BAND","BLUE","2G","32 MB","32 MB","Dual SIM","\N","\N","\N","\N","\N","\N","\N","https://expansiontecmye.pe/daavif/assets/equipos/celular/CEL_CODE-810039955765_K-20260826135708.jpg","jpg","53988.0000","width: 468 x height: 688"
"75","CHOSICA","Equipo Celular","UNONU","QUEST 2G QUAD-BAND","BLUE","2G","32 MB","32 MB","Dual SIM","\N","\N","\N","\N","\N","\N","\N","https://expansiontecmye.pe/daavif/assets/equipos/celular/CEL_CODE-810039955765_K-20260826135708.jpg","jpg","53988.0000","width: 468 x height: 688"
"40","CHOSICA","Equipo Celular","LOGIC","2G B7 BAR PHONE","BLUE","2G","32 MB","32 MB","Dual SIM","\N","RADIO FM, BATERIA 800 mAh, LINTERNA","\N","\N","\N","\N","\N","https://expansiontecmye.pe/daavif/assets/equipos/celular/CEL_CODE-810039955741_K-20260826081059.jpg","jpg","78537.0000","width: 514 x height: 758"
"37","LURIN","Equipo Celular","IPRO","F188","NEGRO","2G","32 MB","32 MB","Dual SIM","\N","BATERIA 1000 mAh","\N","\N","\N","\N","\N","https://expansiontecmye.pe/daavif/assets/equipos/celular/CEL_CODE-PQ4IPROF188BLACK_K-20260826072445.jpg","jpg","38382.0000","width: 378 x height: 627"
"42","\N","TFI","LOGIC","FIXO 240K","NEGRO","\N","\N","\N","One SIM","\N","4 GB ROM y 512 MB RAM","\N","\N","\N","\N","\N","https://expansiontecmye.pe/daavif/assets/equipos/tfi/TFI_CODE-70053749_K-20260826081716.jpg","jpg","76664.0000","width: 807 x height: 864"
"5","CHOSICA","Equipo Celular","APPLE","IPHONE 16","BLACK","5G","128 GB","8 GB","One SIM","Apple A18 Hexa-core","\N","\N","\N","\N","\N","\N","https://expansiontecmye.pe/daavif/assets/equipos/celular/CEL_CODE-195949821813_K-20260825185646.jpg","jpg","37249.0000","width: 524 x height: 649"
"17","CIENEGUILLA","Equipo Celular","HONOR","600","NEGRO","5G","512 GB","8 GB","One SIM","Qualcomm Snapdragon 7","\N","\N","\N","\N","\N","\N","https://expansiontecmye.pe/daavif/assets/equipos/celular/CEL_CODE-6942785101678_K-20260825215846.jpg","jpg","44673.0000","width: 481 x height: 670"
"3","CHOSICA","Equipo Celular","APPLE","IPHONE 14","MIDNIGHT","5G","128 GB","6 GB","One SIM","Apple A15 Bionic Hexa-core","\N","\N","\N","\N","\N","\N","https://expansiontecmye.pe/daavif/assets/equipos/celular/CEL_CODE-194253408000_K-20260825173652.jpg","jpg","37605.0000","width: 478 x height: 628"
"36","LURIN","Equipo Celular","IPRO","F183","NEGRO","3G","32 MB","32 MB","Dual SIM","\N","RADIO FM, BATERIA 800 mAh, LINTERNA","\N","\N","\N","\N","\N","https://expansiontecmye.pe/daavif/assets/equipos/celular/CEL_CODE-PQ4IPROF183BLACK_K-20260826072004.jpg","jpg","51037.0000","width: 624 x height: 722"
"36","CHOSICA","Equipo Celular","IPRO","F183","NEGRO","3G","32 MB","32 MB","Dual SIM","\N","RADIO FM, BATERIA 800 mAh, LINTERNA","\N","\N","\N","\N","\N","https://expansiontecmye.pe/daavif/assets/equipos/celular/CEL_CODE-PQ4IPROF183BLACK_K-20260826072004.jpg","jpg","51037.0000","width: 624 x height: 722"
"36","CHOSICA","Equipo Celular","IPRO","F183","NEGRO","3G","32 MB","32 MB","Dual SIM","\N","RADIO FM, BATERIA 800 mAh, LINTERNA","\N","\N","\N","\N","\N","https://expansiontecmye.pe/daavif/assets/equipos/celular/CEL_CODE-PQ4IPROF183BLACK_K-20260826072004.jpg","jpg","51037.0000","width: 624 x height: 722"
"36","CHOSICA","Equipo Celular","IPRO","F183","NEGRO","3G","32 MB","32 MB","Dual SIM","\N","RADIO FM, BATERIA 800 mAh, LINTERNA","\N","\N","\N","\N","\N","https://expansiontecmye.pe/daavif/assets/equipos/celular/CEL_CODE-PQ4IPROF183BLACK_K-20260826072004.jpg","jpg","51037.0000","width: 624 x height: 722"
"36","CHOSICA","Equipo Celular","IPRO","F183","NEGRO","3G","32 MB","32 MB","Dual SIM","\N","RADIO FM, BATERIA 800 mAh, LINTERNA","\N","\N","\N","\N","\N","https://expansiontecmye.pe/daavif/assets/equipos/celular/CEL_CODE-PQ4IPROF183BLACK_K-20260826072004.jpg","jpg","51037.0000","width: 624 x height: 722"
"36","CHOSICA","Equipo Celular","IPRO","F183","NEGRO","3G","32 MB","32 MB","Dual SIM","\N","RADIO FM, BATERIA 800 mAh, LINTERNA","\N","\N","\N","\N","\N","https://expansiontecmye.pe/daavif/assets/equipos/celular/CEL_CODE-PQ4IPROF183BLACK_K-20260826072004.jpg","jpg","51037.0000","width: 624 x height: 722"
"35","CHOSICA","Equipo Celular","IPRO","A9MINI","BLACK","2G","32 MB","32 MB","Dual SIM","\N","REPRODUCTOR MP3 y MP4, RADIO FM INALAMBRICA, BATERIA 800 mAh, LINTERNA","\N","\N","\N","\N","\N","https://expansiontecmye.pe/daavif/assets/equipos/celular/CEL_CODE-PQ4IPROA9MINIBLACK_K-20260825231504.jpg","jpg","43230.0000","width: 444 x height: 575"
"35","CHOSICA","Equipo Celular","IPRO","A9MINI","BLACK","2G","32 MB","32 MB","Dual SIM","\N","REPRODUCTOR MP3 y MP4, RADIO FM INALAMBRICA, BATERIA 800 mAh, LINTERNA","\N","\N","\N","\N","\N","https://expansiontecmye.pe/daavif/assets/equipos/celular/CEL_CODE-PQ4IPROA9MINIBLACK_K-20260825231504.jpg","jpg","43230.0000","width: 444 x height: 575"
"35","CHOSICA","Equipo Celular","IPRO","A9MINI","BLACK","2G","32 MB","32 MB","Dual SIM","\N","REPRODUCTOR MP3 y MP4, RADIO FM INALAMBRICA, BATERIA 800 mAh, LINTERNA","\N","\N","\N","\N","\N","https://expansiontecmye.pe/daavif/assets/equipos/celular/CEL_CODE-PQ4IPROA9MINIBLACK_K-20260825231504.jpg","jpg","43230.0000","width: 444 x height: 575"
"34","CHOSICA","Equipo Celular","IPRO","A6MINI","BLACK","2G","32 MB","32 MB","Dual SIM","\N","REPRODUCTOR MP3 y MP4, RADIO FM INALAMBRICA, BATERIA 1000 mAh, LINTERNA","\N","\N","\N","\N","\N","https://expansiontecmye.pe/daavif/assets/equipos/celular/CEL_CODE-PQ4IPROA6MINI_K-20260825231123.jpg","jpg","46545.0000","width: 629 x height: 642"
"34","CHOSICA","Equipo Celular","IPRO","A6MINI","BLACK","2G","32 MB","32 MB","Dual SIM","\N","REPRODUCTOR MP3 y MP4, RADIO FM INALAMBRICA, BATERIA 1000 mAh, LINTERNA","\N","\N","\N","\N","\N","https://expansiontecmye.pe/daavif/assets/equipos/celular/CEL_CODE-PQ4IPROA6MINI_K-20260825231123.jpg","jpg","46545.0000","width: 629 x height: 642"
"34","CHOSICA","Equipo Celular","IPRO","A6MINI","BLACK","2G","32 MB","32 MB","Dual SIM","\N","REPRODUCTOR MP3 y MP4, RADIO FM INALAMBRICA, BATERIA 1000 mAh, LINTERNA","\N","\N","\N","\N","\N","https://expansiontecmye.pe/daavif/assets/equipos/celular/CEL_CODE-PQ4IPROA6MINI_K-20260825231123.jpg","jpg","46545.0000","width: 629 x height: 642"
"33","CHOSICA","Equipo Celular","IPRO","A32","BLACK+BLUE","2G","32 MB","32 MB","Dual SIM","\N","REPRODUCTOR MP3 y MP4, RADIO FM INALAMBRICA, BATERIA 1000 mAh, LINTERNA","\N","\N","\N","\N","\N","https://expansiontecmye.pe/daavif/assets/equipos/celular/CEL_CODE-PQ4IPROA32BLACK+BLUE_K-20260825230842.jpg","jpg","102265.0000","width: 594 x height: 806"
"33","CHOSICA","Equipo Celular","IPRO","A32","BLACK+BLUE","2G","32 MB","32 MB","Dual SIM","\N","REPRODUCTOR MP3 y MP4, RADIO FM INALAMBRICA, BATERIA 1000 mAh, LINTERNA","\N","\N","\N","\N","\N","https://expansiontecmye.pe/daavif/assets/equipos/celular/CEL_CODE-PQ4IPROA32BLACK+BLUE_K-20260825230842.jpg","jpg","102265.0000","width: 594 x height: 806"
"32","CHOSICA","Equipo Celular","IPRO","A32","BLACK","2G","32 MB","32 MB","Dual SIM","\N","REPRODUCTOR MP3 y MP4, RADIO FM INALAMBRICA, BATERIA 1000 mAh, LINTERNA","\N","\N","\N","\N","\N","https://expansiontecmye.pe/daavif/assets/equipos/celular/CEL_CODE-PQ4IPROA32BLACK_K-20260825230609.jpg","jpg","33466.0000","width: 382 x height: 658"
"46","LURIN","Equipo Celular","MOTOROLA","MOTO G47","PANTONE IMPENETRABLE (GRIS)","5G","128 GB","8 GB","One SIM","MediaTek Dimensity 6300 Octa-core","\N","\N","\N","\N","\N","\N","https://expansiontecmye.pe/daavif/assets/equipos/celular/CEL_CODE-840493628066_K-20260826092855.jpg","jpg","44671.0000","width: 503 x height: 605"
"1","LURIN","Equipo Celular","APPLE","IPHONE 13","NEGRO MEDIANOCHE","5G","128 GB","4 GB","One SIM","Apple A15 Bionic Hexa-core","\N","\N","\N","\N","\N","\N","https://expansiontecmye.pe/daavif/assets/equipos/celular/CEL_CODE-194252707166_K-20260825120630.jpg","jpg","68724.0000","width: 981 x height: 985"
"4","CHOSICA","Equipo Celular","APPLE","IPHONE 15","BLACK","5G","128 GB","6 GB","One SIM","Apple A16 Bionic Hexa-core","\N","\N","\N","\N","\N","\N","https://expansiontecmye.pe/daavif/assets/equipos/celular/CEL_CODE-195949035913_K-20260825174213.jpg","jpg","38861.0000","width: 472 x height: 619"
"52","CIENEGUILLA","Equipo Celular","OPPO","RENO 14F","VERDE","5G","256 GB","12 GB","One SIM","Qualcomm Snapdragon 6","\N","\N","\N","\N","\N","\N","https://expansiontecmye.pe/daavif/assets/equipos/celular/CEL_CODE-6932169377423_K-20260826095911.jpg","jpg","70096.0000","width: 647 x height: 817"
"22","LURIN","Equipo Celular","HONOR","MAGIC 8 LITE","DORADO AMANECER","5G","512 GB","8 GB","Dual SIM","Qualcomm Snapdragon 6 Octa-core","\N","\N","\N","\N","\N","\N","https://expansiontecmye.pe/daavif/assets/equipos/celular/CEL_CODE-6936520885190_K-20260825222141.jpg","jpg","61686.0000","width: 655 x height: 763"
"41","CHOSICA","Equipo Celular","LOGIC","2G B7 BAR PHONE","RED","2G","32 MB","32 MB","Dual SIM","\N","RADIO FM, BATERIA 800 mAh, LINTERNA","\N","\N","\N","\N","\N","https://expansiontecmye.pe/daavif/assets/equipos/celular/CEL_CODE-810039955734_K-20260826081340.jpg","jpg","94837.0000","width: 589 x height: 861"
"46","CHOSICA","Equipo Celular","MOTOROLA","MOTO G47","PANTONE IMPENETRABLE (GRIS)","5G","128 GB","8 GB","One SIM","MediaTek Dimensity 6300 Octa-core","\N","\N","\N","\N","\N","\N","https://expansiontecmye.pe/daavif/assets/equipos/celular/CEL_CODE-840493628066_K-20260826092855.jpg","jpg","44671.0000","width: 503 x height: 605"
"23","CHOSICA","Equipo Celular","HONOR","X5B","NEGRO MEDIANOCHE","4G","128 GB","4 GB + 4 GB","One SIM","MediaTek Helio G36 Octa-core","\N","\N","\N","\N","\N","\N","https://expansiontecmye.pe/daavif/assets/equipos/celular/CEL_CODE-70060620_K-20260825222643.jpg","jpg","67631.0000","width: 725 x height: 888"
"50","LURIN","Equipo Celular","OPPO","A6X","CLARO GRIS","5G","256 GB","8 GB","One SIM","MediaTek Dimensity 6300 Octa-core","\N","\N","\N","\N","\N","\N","https://expansiontecmye.pe/daavif/assets/equipos/celular/CEL_CODE-6932169392327_K-20260826095236.jpg","jpg","56293.0000","width: 541 x height: 701"
"52","CHOSICA","Equipo Celular","OPPO","RENO 14F","VERDE","5G","256 GB","12 GB","One SIM","Qualcomm Snapdragon 6","\N","\N","\N","\N","\N","\N","https://expansiontecmye.pe/daavif/assets/equipos/celular/CEL_CODE-6932169377423_K-20260826095911.jpg","jpg","70096.0000","width: 647 x height: 817"
"31","CHOSICA","Equipo Celular","IPRO","A12","SKY BLUE","2G","32 MB","32 MB","Dual SIM","\N","REPRODUCTOR MP3 y MP4, RADIO FM INALAMBRICA, BATERIA 800 mAh","\N","\N","Plastico","\N","\N","https://expansiontecmye.pe/daavif/assets/equipos/celular/CEL_CODE-PQ4IPROA12BLACK_K-20260825230302.jpg","jpg","38907.0000","width: 348 x height: 696"
"31","CHOSICA","Equipo Celular","IPRO","A12","SKY BLUE","2G","32 MB","32 MB","Dual SIM","\N","REPRODUCTOR MP3 y MP4, RADIO FM INALAMBRICA, BATERIA 800 mAh","\N","\N","Plastico","\N","\N","https://expansiontecmye.pe/daavif/assets/equipos/celular/CEL_CODE-PQ4IPROA12BLACK_K-20260825230302.jpg","jpg","38907.0000","width: 348 x height: 696"
"15","CHOSICA","Equipo Celular","HELLO","HI FLIP","RED","2G","32 MB","32 MB","Dual SIM","\N","\N","\N","\N","\N","\N","\N","https://expansiontecmye.pe/daavif/assets/equipos/celular/CEL_CODE-HIFLIP250400107RED_K-20260825194739.jpg","jpg","54227.0000","width: 628 x height: 793"
"14","CHOSICA","Equipo Celular","CORN","K4","BLACK","2G","32 MB","32 MB","Dual SIM","\N","BLUETOOTH, RADIO FM INALAMBRICA, BATERIA 800 mAh","\N","\N","\N","\N","\N","https://expansiontecmye.pe/daavif/assets/equipos/celular/CEL_CODE-K42505005823_K-20260825194007.jpg","jpg","33166.0000","width: 294 x height: 698"
"74","CHOSICA","Equipo Celular","UNONU","CLEAR BAR PHONE","BLACK","4G LTE","32 MB","32 MB","Dual SIM","\N","REPRODUCTOR MP3 y MP4, RADIO FM, BATERIA 800 mAh, LINTERNA","\N","\N","\N","\N","\N","https://expansiontecmye.pe/daavif/assets/equipos/celular/CEL_CODE-810039955826_K-20260826135252.jpg","jpg","71074.0000","width: 633 x height: 864"
"74","CHOSICA","Equipo Celular","UNONU","CLEAR BAR PHONE","BLACK","4G LTE","32 MB","32 MB","Dual SIM","\N","REPRODUCTOR MP3 y MP4, RADIO FM, BATERIA 800 mAh, LINTERNA","\N","\N","\N","\N","\N","https://expansiontecmye.pe/daavif/assets/equipos/celular/CEL_CODE-810039955826_K-20260826135252.jpg","jpg","71074.0000","width: 633 x height: 864"
"17","CHOSICA","Equipo Celular","HONOR","600","NEGRO","5G","512 GB","8 GB","One SIM","Qualcomm Snapdragon 7","\N","\N","\N","\N","\N","\N","https://expansiontecmye.pe/daavif/assets/equipos/celular/CEL_CODE-6942785101678_K-20260825215846.jpg","jpg","44673.0000","width: 481 x height: 670"
"26","LURIN","Equipo Celular","HONOR","X5D","NEGRO","4G LTE","128 GB","4 GB + 4 GB","Dual SIM","MediaTek Helio G81 Octa-core","\N","\N","\N","\N","\N","\N","https://expansiontecmye.pe/daavif/assets/equipos/celular/CEL_CODE-70071323_K-20260825224120.jpg","jpg","70676.0000","width: 696 x height: 872"
"26","LURIN","Equipo Celular","HONOR","X5D","NEGRO","4G LTE","128 GB","4 GB + 4 GB","Dual SIM","MediaTek Helio G81 Octa-core","\N","\N","\N","\N","\N","\N","https://expansiontecmye.pe/daavif/assets/equipos/celular/CEL_CODE-70071323_K-20260825224120.jpg","jpg","70676.0000","width: 696 x height: 872"
"26","CIENEGUILLA","Equipo Celular","HONOR","X5D","NEGRO","4G LTE","128 GB","4 GB + 4 GB","Dual SIM","MediaTek Helio G81 Octa-core","\N","\N","\N","\N","\N","\N","https://expansiontecmye.pe/daavif/assets/equipos/celular/CEL_CODE-70071323_K-20260825224120.jpg","jpg","70676.0000","width: 696 x height: 872"
"26","CIENEGUILLA","Equipo Celular","HONOR","X5D","NEGRO","4G LTE","128 GB","4 GB + 4 GB","Dual SIM","MediaTek Helio G81 Octa-core","\N","\N","\N","\N","\N","\N","https://expansiontecmye.pe/daavif/assets/equipos/celular/CEL_CODE-70071323_K-20260825224120.jpg","jpg","70676.0000","width: 696 x height: 872"
"26","CHOSICA","Equipo Celular","HONOR","X5D","NEGRO","4G LTE","128 GB","4 GB + 4 GB","Dual SIM","MediaTek Helio G81 Octa-core","\N","\N","\N","\N","\N","\N","https://expansiontecmye.pe/daavif/assets/equipos/celular/CEL_CODE-70071323_K-20260825224120.jpg","jpg","70676.0000","width: 696 x height: 872"
"49","LURIN","Equipo Celular","OPPO","A5","BLANCO","5G","256 GB","8 GB","One SIM","MediaTek Dimensity 6300 Octa-core","\N","\N","\N","\N","\N","\N","https://expansiontecmye.pe/daavif/assets/equipos/celular/CEL_CODE-70070834_K-20260826094324.jpg","jpg","51740.0000","width: 538 x height: 652"
"49","CHOSICA","Equipo Celular","OPPO","A5","BLANCO","5G","256 GB","8 GB","One SIM","MediaTek Dimensity 6300 Octa-core","\N","\N","\N","\N","\N","\N","https://expansiontecmye.pe/daavif/assets/equipos/celular/CEL_CODE-70070834_K-20260826094324.jpg","jpg","51740.0000","width: 538 x height: 652"
"50","CHOSICA","Equipo Celular","OPPO","A6X","CLARO GRIS","5G","256 GB","8 GB","One SIM","MediaTek Dimensity 6300 Octa-core","\N","\N","\N","\N","\N","\N","https://expansiontecmye.pe/daavif/assets/equipos/celular/CEL_CODE-6932169392327_K-20260826095236.jpg","jpg","56293.0000","width: 541 x height: 701"
"52","LURIN","Equipo Celular","OPPO","RENO 14F","VERDE","5G","256 GB","12 GB","One SIM","Qualcomm Snapdragon 6","\N","\N","\N","\N","\N","\N","https://expansiontecmye.pe/daavif/assets/equipos/celular/CEL_CODE-6932169377423_K-20260826095911.jpg","jpg","70096.0000","width: 647 x height: 817"
"51","LURIN","Equipo Celular","OPPO","A6X","CLARO MORADO","5G","256 GB","4 GB","One SIM","MediaTek Dimensity 6300 Octa-core","\N","\N","\N","\N","\N","\N","https://expansiontecmye.pe/daavif/assets/equipos/celular/CEL_CODE-6932169392310_K-20260826095605.jpg","jpg","54528.0000","width: 568 x height: 696"
"51","CIENEGUILLA","Equipo Celular","OPPO","A6X","CLARO MORADO","5G","256 GB","4 GB","One SIM","MediaTek Dimensity 6300 Octa-core","\N","\N","\N","\N","\N","\N","https://expansiontecmye.pe/daavif/assets/equipos/celular/CEL_CODE-6932169392310_K-20260826095605.jpg","jpg","54528.0000","width: 568 x height: 696"
"5","LURIN","Equipo Celular","APPLE","IPHONE 16","BLACK","5G","128 GB","8 GB","One SIM","Apple A18 Hexa-core","\N","\N","\N","\N","\N","\N","https://expansiontecmye.pe/daavif/assets/equipos/celular/CEL_CODE-195949821813_K-20260825185646.jpg","jpg","37249.0000","width: 524 x height: 649"
"17","LURIN","Equipo Celular","HONOR","600","NEGRO","5G","512 GB","8 GB","One SIM","Qualcomm Snapdragon 7","\N","\N","\N","\N","\N","\N","https://expansiontecmye.pe/daavif/assets/equipos/celular/CEL_CODE-6942785101678_K-20260825215846.jpg","jpg","44673.0000","width: 481 x height: 670"
"16","CIENEGUILLA","Equipo Celular","HONOR","400","DORADO DUNA","5G","512 GB","12 GB","One SIM","Qualcomm Snapdragon 7","\N","\N","\N","\N","\N","\N","https://expansiontecmye.pe/daavif/assets/equipos/celular/CEL_CODE-6936520870998_K-20260825215537.jpg","jpg","33280.0000","width: 434 x height: 538"
"9","CHOSICA","Equipo Celular","APPLE","IPHONE 17 PRO","DEEP BLUE","5G","512 GB","12 GB","One SIM","Apple A19 Pro Hexa-core","\N","\N","\N","\N","\N","\N","https://expansiontecmye.pe/daavif/assets/equipos/celular/CEL_CODE-195950628074_K-20260825191418.jpg","jpg","44864.0000","width: 498 x height: 622"
"8","CHOSICA","Equipo Celular","APPLE","IPHONE 17 PRO","SILVER","5G","256 GB","12 GB","One SIM","Apple A19 Pro Hexa-core","\N","\N","\N","\N","\N","\N","https://expansiontecmye.pe/daavif/assets/equipos/celular/CEL_CODE-195950627077_K-20260825191027.jpg","jpg","43406.0000","width: 508 x height: 634"
"7","LURIN","Equipo Celular","APPLE","IPHONE 17 PRO","COSMIC ORANGE","5G","256 GB","12 GB","One SIM","Apple A19 Pro Hexa-core","\N","\N","\N","\N","\N","\N","https://expansiontecmye.pe/daavif/assets/equipos/celular/CEL_CODE-195950627275_K-20260825190627.jpg","jpg","52734.0000","width: 498 x height: 624"
"12","CIENEGUILLA","Equipo Celular","APPLE","IPHONE 17 PRO MAX","SILVER","5G","256 GB","12 GB","One SIM","Apple A19 Pro Hexa-core","\N","\N","\N","\N","\N","\N","https://expansiontecmye.pe/daavif/assets/equipos/celular/CEL_CODE-195950638721_K-20260825192456.jpg","jpg","45377.0000","width: 518 x height: 673"
"12","CHOSICA","Equipo Celular","APPLE","IPHONE 17 PRO MAX","SILVER","5G","256 GB","12 GB","One SIM","Apple A19 Pro Hexa-core","\N","\N","\N","\N","\N","\N","https://expansiontecmye.pe/daavif/assets/equipos/celular/CEL_CODE-195950638721_K-20260825192456.jpg","jpg","45377.0000","width: 518 x height: 673"
"12","CHOSICA","Equipo Celular","APPLE","IPHONE 17 PRO MAX","SILVER","5G","256 GB","12 GB","One SIM","Apple A19 Pro Hexa-core","\N","\N","\N","\N","\N","\N","https://expansiontecmye.pe/daavif/assets/equipos/celular/CEL_CODE-195950638721_K-20260825192456.jpg","jpg","45377.0000","width: 518 x height: 673"
"11","LURIN","Equipo Celular","APPLE","IPHONE 17 PRO MAX","DEEP BLUE","5G","256 GB","12 GB","One SIM","Apple A19 Pro Hexa-core","\N","\N","\N","\N","\N","\N","https://expansiontecmye.pe/daavif/assets/equipos/celular/CEL_CODE-195950639124_K-20260825192124.jpg","jpg","48006.0000","width: 525 x height: 674"
"10","LURIN","Equipo Celular","APPLE","IPHONE 17 PRO MAX","COSMIC ORANGE","5G","256 GB","12 GB","One SIM","Apple A19 Pro Hexa-core","\N","\N","\N","\N","\N","\N","https://expansiontecmye.pe/daavif/assets/equipos/celular/CEL_CODE-195950638929_K-20260825191831.jpg","jpg","55146.0000","width: 530 x height: 681"
"25","CHOSICA","Equipo Celular","HONOR","X5C","NEGRO MEDIANOCHE","4G LTE","128 GB","4 GB + 4 GB","One SIM","MediaTek Helio G81 Octa-core","\N","\N","\N","\N","\N","\N","https://expansiontecmye.pe/daavif/assets/equipos/celular/CEL_CODE-6936520878536_K-20260825223717.jpg","jpg","79832.0000","width: 666 x height: 821"
"24","CHOSICA","Equipo Celular","HONOR","X5B PLUS","NEGRO MEDIANOCHE","4G LTE","256 GB","4 GB + 4 GB","One SIM","MediaTek Helio G36 Octa-core","\N","\N","\N","\N","\N","\N","https://expansiontecmye.pe/daavif/assets/equipos/celular/CEL_CODE-70060623_K-20260825223307.jpg","jpg","74731.0000","width: 628 x height: 774"
"50","CHOSICA","Equipo Celular","OPPO","A6X","CLARO GRIS","5G","256 GB","8 GB","One SIM","MediaTek Dimensity 6300 Octa-core","\N","\N","\N","\N","\N","\N","https://expansiontecmye.pe/daavif/assets/equipos/celular/CEL_CODE-6932169392327_K-20260826095236.jpg","jpg","56293.0000","width: 541 x height: 701"
"22","CIENEGUILLA","Equipo Celular","HONOR","MAGIC 8 LITE","DORADO AMANECER","5G","512 GB","8 GB","Dual SIM","Qualcomm Snapdragon 6 Octa-core","\N","\N","\N","\N","\N","\N","https://expansiontecmye.pe/daavif/assets/equipos/celular/CEL_CODE-6936520885190_K-20260825222141.jpg","jpg","61686.0000","width: 655 x height: 763"
"22","CIENEGUILLA","Equipo Celular","HONOR","MAGIC 8 LITE","DORADO AMANECER","5G","512 GB","8 GB","Dual SIM","Qualcomm Snapdragon 6 Octa-core","\N","\N","\N","\N","\N","\N","https://expansiontecmye.pe/daavif/assets/equipos/celular/CEL_CODE-6936520885190_K-20260825222141.jpg","jpg","61686.0000","width: 655 x height: 763"
"22","CHOSICA","Equipo Celular","HONOR","MAGIC 8 LITE","DORADO AMANECER","5G","512 GB","8 GB","Dual SIM","Qualcomm Snapdragon 6 Octa-core","\N","\N","\N","\N","\N","\N","https://expansiontecmye.pe/daavif/assets/equipos/celular/CEL_CODE-6936520885190_K-20260825222141.jpg","jpg","61686.0000","width: 655 x height: 763"
"22","CHOSICA","Equipo Celular","HONOR","MAGIC 8 LITE","DORADO AMANECER","5G","512 GB","8 GB","Dual SIM","Qualcomm Snapdragon 6 Octa-core","\N","\N","\N","\N","\N","\N","https://expansiontecmye.pe/daavif/assets/equipos/celular/CEL_CODE-6936520885190_K-20260825222141.jpg","jpg","61686.0000","width: 655 x height: 763"
"20","CHOSICA","Equipo Celular","HONOR","MAGIC 8 LITE","NEGRO MEDIANOCHE","5G","512 GB","8 GB","Dual SIM","Qualcomm Snapdragon 6 Octa-core","\N","\N","\N","\N","\N","\N","https://expansiontecmye.pe/daavif/assets/equipos/celular/CEL_CODE-6936520885176_K-20260825221620.jpg","jpg","81160.0000","width: 718 x height: 852"
"39","CHOSICA","Equipo Celular","IPRO","K5","BLACK","4G LTE","128 MB","48 MB","Dual SIM","\N","REPRODUCTOR MP3 y MP4, RADIO FM, BATERIA 1000 mAh, LINTERNA","\N","\N","\N","\N","\N","https://expansiontecmye.pe/daavif/assets/equipos/celular/CEL_CODE-PQ4IPROK5BLACK_K-20260826080728.jpg","jpg","53138.0000","width: 463 x height: 798"
"21","LURIN","Equipo Celular","HONOR","MAGIC 8 LITE","VERDE BOSQUE","5G","512 GB","8 GB","Dual SIM","Qualcomm Snapdragon 6 Octa-core","\N","\N","\N","\N","\N","\N","https://expansiontecmye.pe/daavif/assets/equipos/celular/CEL_CODE-6936520885183_K-20260825221948.jpg","jpg","66437.0000","width: 689 x height: 757"
"21","CHOSICA","Equipo Celular","HONOR","MAGIC 8 LITE","VERDE BOSQUE","5G","512 GB","8 GB","Dual SIM","Qualcomm Snapdragon 6 Octa-core","\N","\N","\N","\N","\N","\N","https://expansiontecmye.pe/daavif/assets/equipos/celular/CEL_CODE-6936520885183_K-20260825221948.jpg","jpg","66437.0000","width: 689 x height: 757"
"22","LURIN","Equipo Celular","HONOR","MAGIC 8 LITE","DORADO AMANECER","5G","512 GB","8 GB","Dual SIM","Qualcomm Snapdragon 6 Octa-core","\N","\N","\N","\N","\N","\N","https://expansiontecmye.pe/daavif/assets/equipos/celular/CEL_CODE-6936520885190_K-20260825222141.jpg","jpg","61686.0000","width: 655 x height: 763"
"38","LURIN","Equipo Celular","IPRO","K1","RED","4G LTE","32 MB","32 MB","Dual SIM","\N","REPRODUCTOR MP3 y MP4, RADIO FM, BATERIA 800 mAh, LINTERNA","\N","\N","\N","\N","\N","https://expansiontecmye.pe/daavif/assets/equipos/celular/CEL_CODE-PQ4IPROK1RED_K-20260826072943.jpg","jpg","61246.0000","width: 594 x height: 855"
"6","LURIN","Equipo Celular","APPLE","IPHONE 17","BLACK","5G","256 GB","8 GB","\N","Apple A19 Hexa-core","\N","\N","\N","\N","\N","\N","https://expansiontecmye.pe/daavif/assets/equipos/celular/CEL_CODE-195950643411_K-20260825185929.jpg","jpg","36161.0000","width: 503 x height: 632"
"21","CHOSICA","Equipo Celular","HONOR","MAGIC 8 LITE","VERDE BOSQUE","5G","512 GB","8 GB","Dual SIM","Qualcomm Snapdragon 6 Octa-core","\N","\N","\N","\N","\N","\N","https://expansiontecmye.pe/daavif/assets/equipos/celular/CEL_CODE-6936520885183_K-20260825221948.jpg","jpg","66437.0000","width: 689 x height: 757"
"6","CHOSICA","Equipo Celular","APPLE","IPHONE 17","BLACK","5G","256 GB","8 GB","\N","Apple A19 Hexa-core","\N","\N","\N","\N","\N","\N","https://expansiontecmye.pe/daavif/assets/equipos/celular/CEL_CODE-195950643411_K-20260825185929.jpg","jpg","36161.0000","width: 503 x height: 632"
"2","CIENEGUILLA","Equipo Celular","APPLE","IPHONE 13","STARLIGHT","5G","128 GB","4 GB","\N","Apple A15 Bionic Hexa-core","\N","\N","\N","\N","\N","\N","https://expansiontecmye.pe/daavif/assets/equipos/celular/CEL_CODE-194252707432_K-20260825141934.jpg","jpg","60002.0000","width: 639 x height: 842"
"6","CIENEGUILLA","Equipo Celular","APPLE","IPHONE 17","BLACK","5G","256 GB","8 GB","\N","Apple A19 Hexa-core","\N","\N","\N","\N","\N","\N","https://expansiontecmye.pe/daavif/assets/equipos/celular/CEL_CODE-195950643411_K-20260825185929.jpg","jpg","36161.0000","width: 503 x height: 632"
"47","CHOSICA","Equipo Celular","NOKIA","105 HMD","BLACK","2G","4 MB","4 MB","Dual SIM","\N","RADIO FM, BATERIA 1000 mAh, LINTERNA","\N","\N","\N","\N","\N","https://expansiontecmye.pe/daavif/assets/equipos/celular/CEL_CODE-NOKIA105HMDBLACK_K-20260826093623.jpg","jpg","52413.0000","width: 567 x height: 752"
"47","CHOSICA","Equipo Celular","NOKIA","105 HMD","BLACK","2G","4 MB","4 MB","Dual SIM","\N","RADIO FM, BATERIA 1000 mAh, LINTERNA","\N","\N","\N","\N","\N","https://expansiontecmye.pe/daavif/assets/equipos/celular/CEL_CODE-NOKIA105HMDBLACK_K-20260826093623.jpg","jpg","52413.0000","width: 567 x height: 752"
"47","CHOSICA","Equipo Celular","NOKIA","105 HMD","BLACK","2G","4 MB","4 MB","Dual SIM","\N","RADIO FM, BATERIA 1000 mAh, LINTERNA","\N","\N","\N","\N","\N","https://expansiontecmye.pe/daavif/assets/equipos/celular/CEL_CODE-NOKIA105HMDBLACK_K-20260826093623.jpg","jpg","52413.0000","width: 567 x height: 752"
"39","CHOSICA","Equipo Celular","IPRO","K5","BLACK","4G LTE","128 MB","48 MB","Dual SIM","\N","REPRODUCTOR MP3 y MP4, RADIO FM, BATERIA 1000 mAh, LINTERNA","\N","\N","\N","\N","\N","https://expansiontecmye.pe/daavif/assets/equipos/celular/CEL_CODE-PQ4IPROK5BLACK_K-20260826080728.jpg","jpg","53138.0000","width: 463 x height: 798"
